gene,location,generation,valid,uniqID,size,jumpRate,jumpH1,copyRate,copyH1,copyDir
,0,0,TRUE,AA,1000,0.1,fixed,0.1,fixed,both
,0,0,TRUE,BA,1000,0.01,fixed,0.1,fixed,both
,0,0,TRUE,CA,1000,0.001,fixed,0.1,fixed,both
,0,0,TRUE,DA,1000,1e-04,fixed,0.1,fixed,both
,0,0,TRUE,EA,1000,0,fixed,0.1,fixed,both
,0,0,TRUE,FA,1000,0.1,charlesworth,0.1,fixed,both
,0,0,TRUE,GA,1000,0.01,charlesworth,0.1,fixed,both
,0,0,TRUE,HA,1000,0.001,charlesworth,0.1,fixed,both
,0,0,TRUE,IA,1000,1e-04,charlesworth,0.1,fixed,both
,0,0,TRUE,JA,1000,0,charlesworth,0.1,fixed,both
,0,0,TRUE,KA,1000,0.1,evolving,0.1,fixed,both
,0,0,TRUE,LA,1000,0.01,evolving,0.1,fixed,both
,0,0,TRUE,MA,1000,0.001,evolving,0.1,fixed,both
,0,0,TRUE,NA,1000,1e-04,evolving,0.1,fixed,both
,0,0,TRUE,OA,1000,0,evolving,0.1,fixed,both
,0,0,TRUE,PA,1000,0.1,fixed,0.01,fixed,both
,0,0,TRUE,QA,1000,0.01,fixed,0.01,fixed,both
,0,0,TRUE,RA,1000,0.001,fixed,0.01,fixed,both
,0,0,TRUE,SA,1000,1e-04,fixed,0.01,fixed,both
,0,0,TRUE,TA,1000,0,fixed,0.01,fixed,both
,0,0,TRUE,UA,1000,0.1,charlesworth,0.01,fixed,both
,0,0,TRUE,VA,1000,0.01,charlesworth,0.01,fixed,both
,0,0,TRUE,WA,1000,0.001,charlesworth,0.01,fixed,both
,0,0,TRUE,XA,1000,1e-04,charlesworth,0.01,fixed,both
,0,0,TRUE,YA,1000,0,charlesworth,0.01,fixed,both
,0,0,TRUE,ZA,1000,0.1,evolving,0.01,fixed,both
,0,0,TRUE,AB,1000,0.01,evolving,0.01,fixed,both
,0,0,TRUE,BB,1000,0.001,evolving,0.01,fixed,both
,0,0,TRUE,CB,1000,1e-04,evolving,0.01,fixed,both
,0,0,TRUE,DB,1000,0,evolving,0.01,fixed,both
,0,0,TRUE,EB,1000,0.1,fixed,0.001,fixed,both
,0,0,TRUE,FB,1000,0.01,fixed,0.001,fixed,both
,0,0,TRUE,GB,1000,0.001,fixed,0.001,fixed,both
,0,0,TRUE,HB,1000,1e-04,fixed,0.001,fixed,both
,0,0,TRUE,IB,1000,0,fixed,0.001,fixed,both
,0,0,TRUE,JB,1000,0.1,charlesworth,0.001,fixed,both
,0,0,TRUE,KB,1000,0.01,charlesworth,0.001,fixed,both
,0,0,TRUE,LB,1000,0.001,charlesworth,0.001,fixed,both
,0,0,TRUE,MB,1000,1e-04,charlesworth,0.001,fixed,both
,0,0,TRUE,NB,1000,0,charlesworth,0.001,fixed,both
,0,0,TRUE,OB,1000,0.1,evolving,0.001,fixed,both
,0,0,TRUE,PB,1000,0.01,evolving,0.001,fixed,both
,0,0,TRUE,QB,1000,0.001,evolving,0.001,fixed,both
,0,0,TRUE,RB,1000,1e-04,evolving,0.001,fixed,both
,0,0,TRUE,SB,1000,0,evolving,0.001,fixed,both
,0,0,TRUE,TB,1000,0.1,fixed,1e-04,fixed,both
,0,0,TRUE,UB,1000,0.01,fixed,1e-04,fixed,both
,0,0,TRUE,VB,1000,0.001,fixed,1e-04,fixed,both
,0,0,TRUE,WB,1000,1e-04,fixed,1e-04,fixed,both
,0,0,TRUE,XB,1000,0,fixed,1e-04,fixed,both
,0,0,TRUE,YB,1000,0.1,charlesworth,1e-04,fixed,both
,0,0,TRUE,ZB,1000,0.01,charlesworth,1e-04,fixed,both
,0,0,TRUE,AC,1000,0.001,charlesworth,1e-04,fixed,both
,0,0,TRUE,BC,1000,1e-04,charlesworth,1e-04,fixed,both
,0,0,TRUE,CC,1000,0,charlesworth,1e-04,fixed,both
,0,0,TRUE,DC,1000,0.1,evolving,1e-04,fixed,both
,0,0,TRUE,EC,1000,0.01,evolving,1e-04,fixed,both
,0,0,TRUE,FC,1000,0.001,evolving,1e-04,fixed,both
,0,0,TRUE,GC,1000,1e-04,evolving,1e-04,fixed,both
,0,0,TRUE,HC,1000,0,evolving,1e-04,fixed,both
,0,0,TRUE,IC,1000,0.1,fixed,0,fixed,both
,0,0,TRUE,JC,1000,0.01,fixed,0,fixed,both
,0,0,TRUE,KC,1000,0.001,fixed,0,fixed,both
,0,0,TRUE,LC,1000,1e-04,fixed,0,fixed,both
,0,0,TRUE,MC,1000,0,fixed,0,fixed,both
,0,0,TRUE,NC,1000,0.1,charlesworth,0,fixed,both
,0,0,TRUE,OC,1000,0.01,charlesworth,0,fixed,both
,0,0,TRUE,PC,1000,0.001,charlesworth,0,fixed,both
,0,0,TRUE,QC,1000,1e-04,charlesworth,0,fixed,both
,0,0,TRUE,RC,1000,0,charlesworth,0,fixed,both
,0,0,TRUE,SC,1000,0.1,evolving,0,fixed,both
,0,0,TRUE,TC,1000,0.01,evolving,0,fixed,both
,0,0,TRUE,UC,1000,0.001,evolving,0,fixed,both
,0,0,TRUE,VC,1000,1e-04,evolving,0,fixed,both
,0,0,TRUE,WC,1000,0,evolving,0,fixed,both
,0,0,TRUE,XC,1000,0.1,fixed,0.1,charlesworth,both
,0,0,TRUE,YC,1000,0.01,fixed,0.1,charlesworth,both
,0,0,TRUE,ZC,1000,0.001,fixed,0.1,charlesworth,both
,0,0,TRUE,AD,1000,1e-04,fixed,0.1,charlesworth,both
,0,0,TRUE,BD,1000,0,fixed,0.1,charlesworth,both
,0,0,TRUE,CD,1000,0.1,charlesworth,0.1,charlesworth,both
,0,0,TRUE,DD,1000,0.01,charlesworth,0.1,charlesworth,both
,0,0,TRUE,ED,1000,0.001,charlesworth,0.1,charlesworth,both
,0,0,TRUE,FD,1000,1e-04,charlesworth,0.1,charlesworth,both
,0,0,TRUE,GD,1000,0,charlesworth,0.1,charlesworth,both
,0,0,TRUE,HD,1000,0.1,evolving,0.1,charlesworth,both
,0,0,TRUE,ID,1000,0.01,evolving,0.1,charlesworth,both
,0,0,TRUE,JD,1000,0.001,evolving,0.1,charlesworth,both
,0,0,TRUE,KD,1000,1e-04,evolving,0.1,charlesworth,both
,0,0,TRUE,LD,1000,0,evolving,0.1,charlesworth,both
,0,0,TRUE,MD,1000,0.1,fixed,0.01,charlesworth,both
,0,0,TRUE,ND,1000,0.01,fixed,0.01,charlesworth,both
,0,0,TRUE,OD,1000,0.001,fixed,0.01,charlesworth,both
,0,0,TRUE,PD,1000,1e-04,fixed,0.01,charlesworth,both
,0,0,TRUE,QD,1000,0,fixed,0.01,charlesworth,both
,0,0,TRUE,RD,1000,0.1,charlesworth,0.01,charlesworth,both
,0,0,TRUE,SD,1000,0.01,charlesworth,0.01,charlesworth,both
,0,0,TRUE,TD,1000,0.001,charlesworth,0.01,charlesworth,both
,0,0,TRUE,UD,1000,1e-04,charlesworth,0.01,charlesworth,both
,0,0,TRUE,VD,1000,0,charlesworth,0.01,charlesworth,both
,0,0,TRUE,WD,1000,0.1,evolving,0.01,charlesworth,both
,0,0,TRUE,XD,1000,0.01,evolving,0.01,charlesworth,both
,0,0,TRUE,YD,1000,0.001,evolving,0.01,charlesworth,both
,0,0,TRUE,ZD,1000,1e-04,evolving,0.01,charlesworth,both
,0,0,TRUE,AE,1000,0,evolving,0.01,charlesworth,both
,0,0,TRUE,BE,1000,0.1,fixed,0.001,charlesworth,both
,0,0,TRUE,CE,1000,0.01,fixed,0.001,charlesworth,both
,0,0,TRUE,DE,1000,0.001,fixed,0.001,charlesworth,both
,0,0,TRUE,EE,1000,1e-04,fixed,0.001,charlesworth,both
,0,0,TRUE,FE,1000,0,fixed,0.001,charlesworth,both
,0,0,TRUE,GE,1000,0.1,charlesworth,0.001,charlesworth,both
,0,0,TRUE,HE,1000,0.01,charlesworth,0.001,charlesworth,both
,0,0,TRUE,IE,1000,0.001,charlesworth,0.001,charlesworth,both
,0,0,TRUE,JE,1000,1e-04,charlesworth,0.001,charlesworth,both
,0,0,TRUE,KE,1000,0,charlesworth,0.001,charlesworth,both
,0,0,TRUE,LE,1000,0.1,evolving,0.001,charlesworth,both
,0,0,TRUE,ME,1000,0.01,evolving,0.001,charlesworth,both
,0,0,TRUE,NE,1000,0.001,evolving,0.001,charlesworth,both
,0,0,TRUE,OE,1000,1e-04,evolving,0.001,charlesworth,both
,0,0,TRUE,PE,1000,0,evolving,0.001,charlesworth,both
,0,0,TRUE,QE,1000,0.1,fixed,1e-04,charlesworth,both
,0,0,TRUE,RE,1000,0.01,fixed,1e-04,charlesworth,both
,0,0,TRUE,SE,1000,0.001,fixed,1e-04,charlesworth,both
,0,0,TRUE,TE,1000,1e-04,fixed,1e-04,charlesworth,both
,0,0,TRUE,UE,1000,0,fixed,1e-04,charlesworth,both
,0,0,TRUE,VE,1000,0.1,charlesworth,1e-04,charlesworth,both
,0,0,TRUE,WE,1000,0.01,charlesworth,1e-04,charlesworth,both
,0,0,TRUE,XE,1000,0.001,charlesworth,1e-04,charlesworth,both
,0,0,TRUE,YE,1000,1e-04,charlesworth,1e-04,charlesworth,both
,0,0,TRUE,ZE,1000,0,charlesworth,1e-04,charlesworth,both
,0,0,TRUE,AF,1000,0.1,evolving,1e-04,charlesworth,both
,0,0,TRUE,BF,1000,0.01,evolving,1e-04,charlesworth,both
,0,0,TRUE,CF,1000,0.001,evolving,1e-04,charlesworth,both
,0,0,TRUE,DF,1000,1e-04,evolving,1e-04,charlesworth,both
,0,0,TRUE,EF,1000,0,evolving,1e-04,charlesworth,both
,0,0,TRUE,FF,1000,0.1,fixed,0,charlesworth,both
,0,0,TRUE,GF,1000,0.01,fixed,0,charlesworth,both
,0,0,TRUE,HF,1000,0.001,fixed,0,charlesworth,both
,0,0,TRUE,IF,1000,1e-04,fixed,0,charlesworth,both
,0,0,TRUE,JF,1000,0,fixed,0,charlesworth,both
,0,0,TRUE,KF,1000,0.1,charlesworth,0,charlesworth,both
,0,0,TRUE,LF,1000,0.01,charlesworth,0,charlesworth,both
,0,0,TRUE,MF,1000,0.001,charlesworth,0,charlesworth,both
,0,0,TRUE,NF,1000,1e-04,charlesworth,0,charlesworth,both
,0,0,TRUE,OF,1000,0,charlesworth,0,charlesworth,both
,0,0,TRUE,PF,1000,0.1,evolving,0,charlesworth,both
,0,0,TRUE,QF,1000,0.01,evolving,0,charlesworth,both
,0,0,TRUE,RF,1000,0.001,evolving,0,charlesworth,both
,0,0,TRUE,SF,1000,1e-04,evolving,0,charlesworth,both
,0,0,TRUE,TF,1000,0,evolving,0,charlesworth,both
,0,0,TRUE,UF,1000,0.1,fixed,0.1,evolving,both
,0,0,TRUE,VF,1000,0.01,fixed,0.1,evolving,both
,0,0,TRUE,WF,1000,0.001,fixed,0.1,evolving,both
,0,0,TRUE,XF,1000,1e-04,fixed,0.1,evolving,both
,0,0,TRUE,YF,1000,0,fixed,0.1,evolving,both
,0,0,TRUE,ZF,1000,0.1,charlesworth,0.1,evolving,both
,0,0,TRUE,AG,1000,0.01,charlesworth,0.1,evolving,both
,0,0,TRUE,BG,1000,0.001,charlesworth,0.1,evolving,both
,0,0,TRUE,CG,1000,1e-04,charlesworth,0.1,evolving,both
,0,0,TRUE,DG,1000,0,charlesworth,0.1,evolving,both
,0,0,TRUE,EG,1000,0.1,evolving,0.1,evolving,both
,0,0,TRUE,FG,1000,0.01,evolving,0.1,evolving,both
,0,0,TRUE,GG,1000,0.001,evolving,0.1,evolving,both
,0,0,TRUE,HG,1000,1e-04,evolving,0.1,evolving,both
,0,0,TRUE,IG,1000,0,evolving,0.1,evolving,both
,0,0,TRUE,JG,1000,0.1,fixed,0.01,evolving,both
,0,0,TRUE,KG,1000,0.01,fixed,0.01,evolving,both
,0,0,TRUE,LG,1000,0.001,fixed,0.01,evolving,both
,0,0,TRUE,MG,1000,1e-04,fixed,0.01,evolving,both
,0,0,TRUE,NG,1000,0,fixed,0.01,evolving,both
,0,0,TRUE,OG,1000,0.1,charlesworth,0.01,evolving,both
,0,0,TRUE,PG,1000,0.01,charlesworth,0.01,evolving,both
,0,0,TRUE,QG,1000,0.001,charlesworth,0.01,evolving,both
,0,0,TRUE,RG,1000,1e-04,charlesworth,0.01,evolving,both
,0,0,TRUE,SG,1000,0,charlesworth,0.01,evolving,both
,0,0,TRUE,TG,1000,0.1,evolving,0.01,evolving,both
,0,0,TRUE,UG,1000,0.01,evolving,0.01,evolving,both
,0,0,TRUE,VG,1000,0.001,evolving,0.01,evolving,both
,0,0,TRUE,WG,1000,1e-04,evolving,0.01,evolving,both
,0,0,TRUE,XG,1000,0,evolving,0.01,evolving,both
,0,0,TRUE,YG,1000,0.1,fixed,0.001,evolving,both
,0,0,TRUE,ZG,1000,0.01,fixed,0.001,evolving,both
,0,0,TRUE,AH,1000,0.001,fixed,0.001,evolving,both
,0,0,TRUE,BH,1000,1e-04,fixed,0.001,evolving,both
,0,0,TRUE,CH,1000,0,fixed,0.001,evolving,both
,0,0,TRUE,DH,1000,0.1,charlesworth,0.001,evolving,both
,0,0,TRUE,EH,1000,0.01,charlesworth,0.001,evolving,both
,0,0,TRUE,FH,1000,0.001,charlesworth,0.001,evolving,both
,0,0,TRUE,GH,1000,1e-04,charlesworth,0.001,evolving,both
,0,0,TRUE,HH,1000,0,charlesworth,0.001,evolving,both
,0,0,TRUE,IH,1000,0.1,evolving,0.001,evolving,both
,0,0,TRUE,JH,1000,0.01,evolving,0.001,evolving,both
,0,0,TRUE,KH,1000,0.001,evolving,0.001,evolving,both
,0,0,TRUE,LH,1000,1e-04,evolving,0.001,evolving,both
,0,0,TRUE,MH,1000,0,evolving,0.001,evolving,both
,0,0,TRUE,NH,1000,0.1,fixed,1e-04,evolving,both
,0,0,TRUE,OH,1000,0.01,fixed,1e-04,evolving,both
,0,0,TRUE,PH,1000,0.001,fixed,1e-04,evolving,both
,0,0,TRUE,QH,1000,1e-04,fixed,1e-04,evolving,both
,0,0,TRUE,RH,1000,0,fixed,1e-04,evolving,both
,0,0,TRUE,SH,1000,0.1,charlesworth,1e-04,evolving,both
,0,0,TRUE,TH,1000,0.01,charlesworth,1e-04,evolving,both
,0,0,TRUE,UH,1000,0.001,charlesworth,1e-04,evolving,both
,0,0,TRUE,VH,1000,1e-04,charlesworth,1e-04,evolving,both
,0,0,TRUE,WH,1000,0,charlesworth,1e-04,evolving,both
,0,0,TRUE,XH,1000,0.1,evolving,1e-04,evolving,both
,0,0,TRUE,YH,1000,0.01,evolving,1e-04,evolving,both
,0,0,TRUE,ZH,1000,0.001,evolving,1e-04,evolving,both
,0,0,TRUE,AI,1000,1e-04,evolving,1e-04,evolving,both
,0,0,TRUE,BI,1000,0,evolving,1e-04,evolving,both
,0,0,TRUE,CI,1000,0.1,fixed,0,evolving,both
,0,0,TRUE,DI,1000,0.01,fixed,0,evolving,both
,0,0,TRUE,EI,1000,0.001,fixed,0,evolving,both
,0,0,TRUE,FI,1000,1e-04,fixed,0,evolving,both
,0,0,TRUE,GI,1000,0,fixed,0,evolving,both
,0,0,TRUE,HI,1000,0.1,charlesworth,0,evolving,both
,0,0,TRUE,II,1000,0.01,charlesworth,0,evolving,both
,0,0,TRUE,JI,1000,0.001,charlesworth,0,evolving,both
,0,0,TRUE,KI,1000,1e-04,charlesworth,0,evolving,both
,0,0,TRUE,LI,1000,0,charlesworth,0,evolving,both
,0,0,TRUE,MI,1000,0.1,evolving,0,evolving,both
,0,0,TRUE,NI,1000,0.01,evolving,0,evolving,both
,0,0,TRUE,OI,1000,0.001,evolving,0,evolving,both
,0,0,TRUE,PI,1000,1e-04,evolving,0,evolving,both
,0,0,TRUE,QI,1000,0,evolving,0,evolving,both
,0,0,TRUE,RI,1000,0.1,fixed,0.1,fixed,terminus
,0,0,TRUE,SI,1000,0.01,fixed,0.1,fixed,terminus
,0,0,TRUE,TI,1000,0.001,fixed,0.1,fixed,terminus
,0,0,TRUE,UI,1000,1e-04,fixed,0.1,fixed,terminus
,0,0,TRUE,VI,1000,0,fixed,0.1,fixed,terminus
,0,0,TRUE,WI,1000,0.1,charlesworth,0.1,fixed,terminus
,0,0,TRUE,XI,1000,0.01,charlesworth,0.1,fixed,terminus
,0,0,TRUE,YI,1000,0.001,charlesworth,0.1,fixed,terminus
,0,0,TRUE,ZI,1000,1e-04,charlesworth,0.1,fixed,terminus
,0,0,TRUE,AJ,1000,0,charlesworth,0.1,fixed,terminus
,0,0,TRUE,BJ,1000,0.1,evolving,0.1,fixed,terminus
,0,0,TRUE,CJ,1000,0.01,evolving,0.1,fixed,terminus
,0,0,TRUE,DJ,1000,0.001,evolving,0.1,fixed,terminus
,0,0,TRUE,EJ,1000,1e-04,evolving,0.1,fixed,terminus
,0,0,TRUE,FJ,1000,0,evolving,0.1,fixed,terminus
,0,0,TRUE,GJ,1000,0.1,fixed,0.01,fixed,terminus
,0,0,TRUE,HJ,1000,0.01,fixed,0.01,fixed,terminus
,0,0,TRUE,IJ,1000,0.001,fixed,0.01,fixed,terminus
,0,0,TRUE,JJ,1000,1e-04,fixed,0.01,fixed,terminus
,0,0,TRUE,KJ,1000,0,fixed,0.01,fixed,terminus
,0,0,TRUE,LJ,1000,0.1,charlesworth,0.01,fixed,terminus
,0,0,TRUE,MJ,1000,0.01,charlesworth,0.01,fixed,terminus
,0,0,TRUE,NJ,1000,0.001,charlesworth,0.01,fixed,terminus
,0,0,TRUE,OJ,1000,1e-04,charlesworth,0.01,fixed,terminus
,0,0,TRUE,PJ,1000,0,charlesworth,0.01,fixed,terminus
,0,0,TRUE,QJ,1000,0.1,evolving,0.01,fixed,terminus
,0,0,TRUE,RJ,1000,0.01,evolving,0.01,fixed,terminus
,0,0,TRUE,SJ,1000,0.001,evolving,0.01,fixed,terminus
,0,0,TRUE,TJ,1000,1e-04,evolving,0.01,fixed,terminus
,0,0,TRUE,UJ,1000,0,evolving,0.01,fixed,terminus
,0,0,TRUE,VJ,1000,0.1,fixed,0.001,fixed,terminus
,0,0,TRUE,WJ,1000,0.01,fixed,0.001,fixed,terminus
,0,0,TRUE,XJ,1000,0.001,fixed,0.001,fixed,terminus
,0,0,TRUE,YJ,1000,1e-04,fixed,0.001,fixed,terminus
,0,0,TRUE,ZJ,1000,0,fixed,0.001,fixed,terminus
,0,0,TRUE,AK,1000,0.1,charlesworth,0.001,fixed,terminus
,0,0,TRUE,BK,1000,0.01,charlesworth,0.001,fixed,terminus
,0,0,TRUE,CK,1000,0.001,charlesworth,0.001,fixed,terminus
,0,0,TRUE,DK,1000,1e-04,charlesworth,0.001,fixed,terminus
,0,0,TRUE,EK,1000,0,charlesworth,0.001,fixed,terminus
,0,0,TRUE,FK,1000,0.1,evolving,0.001,fixed,terminus
,0,0,TRUE,GK,1000,0.01,evolving,0.001,fixed,terminus
,0,0,TRUE,HK,1000,0.001,evolving,0.001,fixed,terminus
,0,0,TRUE,IK,1000,1e-04,evolving,0.001,fixed,terminus
,0,0,TRUE,JK,1000,0,evolving,0.001,fixed,terminus
,0,0,TRUE,KK,1000,0.1,fixed,1e-04,fixed,terminus
,0,0,TRUE,LK,1000,0.01,fixed,1e-04,fixed,terminus
,0,0,TRUE,MK,1000,0.001,fixed,1e-04,fixed,terminus
,0,0,TRUE,NK,1000,1e-04,fixed,1e-04,fixed,terminus
,0,0,TRUE,OK,1000,0,fixed,1e-04,fixed,terminus
,0,0,TRUE,PK,1000,0.1,charlesworth,1e-04,fixed,terminus
,0,0,TRUE,QK,1000,0.01,charlesworth,1e-04,fixed,terminus
,0,0,TRUE,RK,1000,0.001,charlesworth,1e-04,fixed,terminus
,0,0,TRUE,SK,1000,1e-04,charlesworth,1e-04,fixed,terminus
,0,0,TRUE,TK,1000,0,charlesworth,1e-04,fixed,terminus
,0,0,TRUE,UK,1000,0.1,evolving,1e-04,fixed,terminus
,0,0,TRUE,VK,1000,0.01,evolving,1e-04,fixed,terminus
,0,0,TRUE,WK,1000,0.001,evolving,1e-04,fixed,terminus
,0,0,TRUE,XK,1000,1e-04,evolving,1e-04,fixed,terminus
,0,0,TRUE,YK,1000,0,evolving,1e-04,fixed,terminus
,0,0,TRUE,ZK,1000,0.1,fixed,0,fixed,terminus
,0,0,TRUE,AL,1000,0.01,fixed,0,fixed,terminus
,0,0,TRUE,BL,1000,0.001,fixed,0,fixed,terminus
,0,0,TRUE,CL,1000,1e-04,fixed,0,fixed,terminus
,0,0,TRUE,DL,1000,0,fixed,0,fixed,terminus
,0,0,TRUE,EL,1000,0.1,charlesworth,0,fixed,terminus
,0,0,TRUE,FL,1000,0.01,charlesworth,0,fixed,terminus
,0,0,TRUE,GL,1000,0.001,charlesworth,0,fixed,terminus
,0,0,TRUE,HL,1000,1e-04,charlesworth,0,fixed,terminus
,0,0,TRUE,IL,1000,0,charlesworth,0,fixed,terminus
,0,0,TRUE,JL,1000,0.1,evolving,0,fixed,terminus
,0,0,TRUE,KL,1000,0.01,evolving,0,fixed,terminus
,0,0,TRUE,LL,1000,0.001,evolving,0,fixed,terminus
,0,0,TRUE,ML,1000,1e-04,evolving,0,fixed,terminus
,0,0,TRUE,NL,1000,0,evolving,0,fixed,terminus
,0,0,TRUE,OL,1000,0.1,fixed,0.1,charlesworth,terminus
,0,0,TRUE,PL,1000,0.01,fixed,0.1,charlesworth,terminus
,0,0,TRUE,QL,1000,0.001,fixed,0.1,charlesworth,terminus
,0,0,TRUE,RL,1000,1e-04,fixed,0.1,charlesworth,terminus
,0,0,TRUE,SL,1000,0,fixed,0.1,charlesworth,terminus
,0,0,TRUE,TL,1000,0.1,charlesworth,0.1,charlesworth,terminus
,0,0,TRUE,UL,1000,0.01,charlesworth,0.1,charlesworth,terminus
,0,0,TRUE,VL,1000,0.001,charlesworth,0.1,charlesworth,terminus
,0,0,TRUE,WL,1000,1e-04,charlesworth,0.1,charlesworth,terminus
,0,0,TRUE,XL,1000,0,charlesworth,0.1,charlesworth,terminus
,0,0,TRUE,YL,1000,0.1,evolving,0.1,charlesworth,terminus
,0,0,TRUE,ZL,1000,0.01,evolving,0.1,charlesworth,terminus
,0,0,TRUE,AM,1000,0.001,evolving,0.1,charlesworth,terminus
,0,0,TRUE,BM,1000,1e-04,evolving,0.1,charlesworth,terminus
,0,0,TRUE,CM,1000,0,evolving,0.1,charlesworth,terminus
,0,0,TRUE,DM,1000,0.1,fixed,0.01,charlesworth,terminus
,0,0,TRUE,EM,1000,0.01,fixed,0.01,charlesworth,terminus
,0,0,TRUE,FM,1000,0.001,fixed,0.01,charlesworth,terminus
,0,0,TRUE,GM,1000,1e-04,fixed,0.01,charlesworth,terminus
,0,0,TRUE,HM,1000,0,fixed,0.01,charlesworth,terminus
,0,0,TRUE,IM,1000,0.1,charlesworth,0.01,charlesworth,terminus
,0,0,TRUE,JM,1000,0.01,charlesworth,0.01,charlesworth,terminus
,0,0,TRUE,KM,1000,0.001,charlesworth,0.01,charlesworth,terminus
,0,0,TRUE,LM,1000,1e-04,charlesworth,0.01,charlesworth,terminus
,0,0,TRUE,MM,1000,0,charlesworth,0.01,charlesworth,terminus
,0,0,TRUE,NM,1000,0.1,evolving,0.01,charlesworth,terminus
,0,0,TRUE,OM,1000,0.01,evolving,0.01,charlesworth,terminus
,0,0,TRUE,PM,1000,0.001,evolving,0.01,charlesworth,terminus
,0,0,TRUE,QM,1000,1e-04,evolving,0.01,charlesworth,terminus
,0,0,TRUE,RM,1000,0,evolving,0.01,charlesworth,terminus
,0,0,TRUE,SM,1000,0.1,fixed,0.001,charlesworth,terminus
,0,0,TRUE,TM,1000,0.01,fixed,0.001,charlesworth,terminus
,0,0,TRUE,UM,1000,0.001,fixed,0.001,charlesworth,terminus
,0,0,TRUE,VM,1000,1e-04,fixed,0.001,charlesworth,terminus
,0,0,TRUE,WM,1000,0,fixed,0.001,charlesworth,terminus
,0,0,TRUE,XM,1000,0.1,charlesworth,0.001,charlesworth,terminus
,0,0,TRUE,YM,1000,0.01,charlesworth,0.001,charlesworth,terminus
,0,0,TRUE,ZM,1000,0.001,charlesworth,0.001,charlesworth,terminus
,0,0,TRUE,AN,1000,1e-04,charlesworth,0.001,charlesworth,terminus
,0,0,TRUE,BN,1000,0,charlesworth,0.001,charlesworth,terminus
,0,0,TRUE,CN,1000,0.1,evolving,0.001,charlesworth,terminus
,0,0,TRUE,DN,1000,0.01,evolving,0.001,charlesworth,terminus
,0,0,TRUE,EN,1000,0.001,evolving,0.001,charlesworth,terminus
,0,0,TRUE,FN,1000,1e-04,evolving,0.001,charlesworth,terminus
,0,0,TRUE,GN,1000,0,evolving,0.001,charlesworth,terminus
,0,0,TRUE,HN,1000,0.1,fixed,1e-04,charlesworth,terminus
,0,0,TRUE,IN,1000,0.01,fixed,1e-04,charlesworth,terminus
,0,0,TRUE,JN,1000,0.001,fixed,1e-04,charlesworth,terminus
,0,0,TRUE,KN,1000,1e-04,fixed,1e-04,charlesworth,terminus
,0,0,TRUE,LN,1000,0,fixed,1e-04,charlesworth,terminus
,0,0,TRUE,MN,1000,0.1,charlesworth,1e-04,charlesworth,terminus
,0,0,TRUE,NN,1000,0.01,charlesworth,1e-04,charlesworth,terminus
,0,0,TRUE,ON,1000,0.001,charlesworth,1e-04,charlesworth,terminus
,0,0,TRUE,PN,1000,1e-04,charlesworth,1e-04,charlesworth,terminus
,0,0,TRUE,QN,1000,0,charlesworth,1e-04,charlesworth,terminus
,0,0,TRUE,RN,1000,0.1,evolving,1e-04,charlesworth,terminus
,0,0,TRUE,SN,1000,0.01,evolving,1e-04,charlesworth,terminus
,0,0,TRUE,TN,1000,0.001,evolving,1e-04,charlesworth,terminus
,0,0,TRUE,UN,1000,1e-04,evolving,1e-04,charlesworth,terminus
,0,0,TRUE,VN,1000,0,evolving,1e-04,charlesworth,terminus
,0,0,TRUE,WN,1000,0.1,fixed,0,charlesworth,terminus
,0,0,TRUE,XN,1000,0.01,fixed,0,charlesworth,terminus
,0,0,TRUE,YN,1000,0.001,fixed,0,charlesworth,terminus
,0,0,TRUE,ZN,1000,1e-04,fixed,0,charlesworth,terminus
,0,0,TRUE,AO,1000,0,fixed,0,charlesworth,terminus
,0,0,TRUE,BO,1000,0.1,charlesworth,0,charlesworth,terminus
,0,0,TRUE,CO,1000,0.01,charlesworth,0,charlesworth,terminus
,0,0,TRUE,DO,1000,0.001,charlesworth,0,charlesworth,terminus
,0,0,TRUE,EO,1000,1e-04,charlesworth,0,charlesworth,terminus
,0,0,TRUE,FO,1000,0,charlesworth,0,charlesworth,terminus
,0,0,TRUE,GO,1000,0.1,evolving,0,charlesworth,terminus
,0,0,TRUE,HO,1000,0.01,evolving,0,charlesworth,terminus
,0,0,TRUE,IO,1000,0.001,evolving,0,charlesworth,terminus
,0,0,TRUE,JO,1000,1e-04,evolving,0,charlesworth,terminus
,0,0,TRUE,KO,1000,0,evolving,0,charlesworth,terminus
,0,0,TRUE,LO,1000,0.1,fixed,0.1,evolving,terminus
,0,0,TRUE,MO,1000,0.01,fixed,0.1,evolving,terminus
,0,0,TRUE,NO,1000,0.001,fixed,0.1,evolving,terminus
,0,0,TRUE,OO,1000,1e-04,fixed,0.1,evolving,terminus
,0,0,TRUE,PO,1000,0,fixed,0.1,evolving,terminus
,0,0,TRUE,QO,1000,0.1,charlesworth,0.1,evolving,terminus
,0,0,TRUE,RO,1000,0.01,charlesworth,0.1,evolving,terminus
,0,0,TRUE,SO,1000,0.001,charlesworth,0.1,evolving,terminus
,0,0,TRUE,TO,1000,1e-04,charlesworth,0.1,evolving,terminus
,0,0,TRUE,UO,1000,0,charlesworth,0.1,evolving,terminus
,0,0,TRUE,VO,1000,0.1,evolving,0.1,evolving,terminus
,0,0,TRUE,WO,1000,0.01,evolving,0.1,evolving,terminus
,0,0,TRUE,XO,1000,0.001,evolving,0.1,evolving,terminus
,0,0,TRUE,YO,1000,1e-04,evolving,0.1,evolving,terminus
,0,0,TRUE,ZO,1000,0,evolving,0.1,evolving,terminus
,0,0,TRUE,AP,1000,0.1,fixed,0.01,evolving,terminus
,0,0,TRUE,BP,1000,0.01,fixed,0.01,evolving,terminus
,0,0,TRUE,CP,1000,0.001,fixed,0.01,evolving,terminus
,0,0,TRUE,DP,1000,1e-04,fixed,0.01,evolving,terminus
,0,0,TRUE,EP,1000,0,fixed,0.01,evolving,terminus
,0,0,TRUE,FP,1000,0.1,charlesworth,0.01,evolving,terminus
,0,0,TRUE,GP,1000,0.01,charlesworth,0.01,evolving,terminus
,0,0,TRUE,HP,1000,0.001,charlesworth,0.01,evolving,terminus
,0,0,TRUE,IP,1000,1e-04,charlesworth,0.01,evolving,terminus
,0,0,TRUE,JP,1000,0,charlesworth,0.01,evolving,terminus
,0,0,TRUE,KP,1000,0.1,evolving,0.01,evolving,terminus
,0,0,TRUE,LP,1000,0.01,evolving,0.01,evolving,terminus
,0,0,TRUE,MP,1000,0.001,evolving,0.01,evolving,terminus
,0,0,TRUE,NP,1000,1e-04,evolving,0.01,evolving,terminus
,0,0,TRUE,OP,1000,0,evolving,0.01,evolving,terminus
,0,0,TRUE,PP,1000,0.1,fixed,0.001,evolving,terminus
,0,0,TRUE,QP,1000,0.01,fixed,0.001,evolving,terminus
,0,0,TRUE,RP,1000,0.001,fixed,0.001,evolving,terminus
,0,0,TRUE,SP,1000,1e-04,fixed,0.001,evolving,terminus
,0,0,TRUE,TP,1000,0,fixed,0.001,evolving,terminus
,0,0,TRUE,UP,1000,0.1,charlesworth,0.001,evolving,terminus
,0,0,TRUE,VP,1000,0.01,charlesworth,0.001,evolving,terminus
,0,0,TRUE,WP,1000,0.001,charlesworth,0.001,evolving,terminus
,0,0,TRUE,XP,1000,1e-04,charlesworth,0.001,evolving,terminus
,0,0,TRUE,YP,1000,0,charlesworth,0.001,evolving,terminus
,0,0,TRUE,ZP,1000,0.1,evolving,0.001,evolving,terminus
,0,0,TRUE,AQ,1000,0.01,evolving,0.001,evolving,terminus
,0,0,TRUE,BQ,1000,0.001,evolving,0.001,evolving,terminus
,0,0,TRUE,CQ,1000,1e-04,evolving,0.001,evolving,terminus
,0,0,TRUE,DQ,1000,0,evolving,0.001,evolving,terminus
,0,0,TRUE,EQ,1000,0.1,fixed,1e-04,evolving,terminus
,0,0,TRUE,FQ,1000,0.01,fixed,1e-04,evolving,terminus
,0,0,TRUE,GQ,1000,0.001,fixed,1e-04,evolving,terminus
,0,0,TRUE,HQ,1000,1e-04,fixed,1e-04,evolving,terminus
,0,0,TRUE,IQ,1000,0,fixed,1e-04,evolving,terminus
,0,0,TRUE,JQ,1000,0.1,charlesworth,1e-04,evolving,terminus
,0,0,TRUE,KQ,1000,0.01,charlesworth,1e-04,evolving,terminus
,0,0,TRUE,LQ,1000,0.001,charlesworth,1e-04,evolving,terminus
,0,0,TRUE,MQ,1000,1e-04,charlesworth,1e-04,evolving,terminus
,0,0,TRUE,NQ,1000,0,charlesworth,1e-04,evolving,terminus
,0,0,TRUE,OQ,1000,0.1,evolving,1e-04,evolving,terminus
,0,0,TRUE,PQ,1000,0.01,evolving,1e-04,evolving,terminus
,0,0,TRUE,QQ,1000,0.001,evolving,1e-04,evolving,terminus
,0,0,TRUE,RQ,1000,1e-04,evolving,1e-04,evolving,terminus
,0,0,TRUE,SQ,1000,0,evolving,1e-04,evolving,terminus
,0,0,TRUE,TQ,1000,0.1,fixed,0,evolving,terminus
,0,0,TRUE,UQ,1000,0.01,fixed,0,evolving,terminus
,0,0,TRUE,VQ,1000,0.001,fixed,0,evolving,terminus
,0,0,TRUE,WQ,1000,1e-04,fixed,0,evolving,terminus
,0,0,TRUE,XQ,1000,0,fixed,0,evolving,terminus
,0,0,TRUE,YQ,1000,0.1,charlesworth,0,evolving,terminus
,0,0,TRUE,ZQ,1000,0.01,charlesworth,0,evolving,terminus
,0,0,TRUE,AR,1000,0.001,charlesworth,0,evolving,terminus
,0,0,TRUE,BR,1000,1e-04,charlesworth,0,evolving,terminus
,0,0,TRUE,CR,1000,0,charlesworth,0,evolving,terminus
,0,0,TRUE,DR,1000,0.1,evolving,0,evolving,terminus
,0,0,TRUE,ER,1000,0.01,evolving,0,evolving,terminus
,0,0,TRUE,FR,1000,0.001,evolving,0,evolving,terminus
,0,0,TRUE,GR,1000,1e-04,evolving,0,evolving,terminus
,0,0,TRUE,HR,1000,0,evolving,0,evolving,terminus
,0,0,TRUE,IR,1000,0.1,fixed,0.1,fixed,origin
,0,0,TRUE,JR,1000,0.01,fixed,0.1,fixed,origin
,0,0,TRUE,KR,1000,0.001,fixed,0.1,fixed,origin
,0,0,TRUE,LR,1000,1e-04,fixed,0.1,fixed,origin
,0,0,TRUE,MR,1000,0,fixed,0.1,fixed,origin
,0,0,TRUE,NR,1000,0.1,charlesworth,0.1,fixed,origin
,0,0,TRUE,OR,1000,0.01,charlesworth,0.1,fixed,origin
,0,0,TRUE,PR,1000,0.001,charlesworth,0.1,fixed,origin
,0,0,TRUE,QR,1000,1e-04,charlesworth,0.1,fixed,origin
,0,0,TRUE,RR,1000,0,charlesworth,0.1,fixed,origin
,0,0,TRUE,SR,1000,0.1,evolving,0.1,fixed,origin
,0,0,TRUE,TR,1000,0.01,evolving,0.1,fixed,origin
,0,0,TRUE,UR,1000,0.001,evolving,0.1,fixed,origin
,0,0,TRUE,VR,1000,1e-04,evolving,0.1,fixed,origin
,0,0,TRUE,WR,1000,0,evolving,0.1,fixed,origin
,0,0,TRUE,XR,1000,0.1,fixed,0.01,fixed,origin
,0,0,TRUE,YR,1000,0.01,fixed,0.01,fixed,origin
,0,0,TRUE,ZR,1000,0.001,fixed,0.01,fixed,origin
,0,0,TRUE,AS,1000,1e-04,fixed,0.01,fixed,origin
,0,0,TRUE,BS,1000,0,fixed,0.01,fixed,origin
,0,0,TRUE,CS,1000,0.1,charlesworth,0.01,fixed,origin
,0,0,TRUE,DS,1000,0.01,charlesworth,0.01,fixed,origin
,0,0,TRUE,ES,1000,0.001,charlesworth,0.01,fixed,origin
,0,0,TRUE,FS,1000,1e-04,charlesworth,0.01,fixed,origin
,0,0,TRUE,GS,1000,0,charlesworth,0.01,fixed,origin
,0,0,TRUE,HS,1000,0.1,evolving,0.01,fixed,origin
,0,0,TRUE,IS,1000,0.01,evolving,0.01,fixed,origin
,0,0,TRUE,JS,1000,0.001,evolving,0.01,fixed,origin
,0,0,TRUE,KS,1000,1e-04,evolving,0.01,fixed,origin
,0,0,TRUE,LS,1000,0,evolving,0.01,fixed,origin
,0,0,TRUE,MS,1000,0.1,fixed,0.001,fixed,origin
,0,0,TRUE,NS,1000,0.01,fixed,0.001,fixed,origin
,0,0,TRUE,OS,1000,0.001,fixed,0.001,fixed,origin
,0,0,TRUE,PS,1000,1e-04,fixed,0.001,fixed,origin
,0,0,TRUE,QS,1000,0,fixed,0.001,fixed,origin
,0,0,TRUE,RS,1000,0.1,charlesworth,0.001,fixed,origin
,0,0,TRUE,SS,1000,0.01,charlesworth,0.001,fixed,origin
,0,0,TRUE,TS,1000,0.001,charlesworth,0.001,fixed,origin
,0,0,TRUE,US,1000,1e-04,charlesworth,0.001,fixed,origin
,0,0,TRUE,VS,1000,0,charlesworth,0.001,fixed,origin
,0,0,TRUE,WS,1000,0.1,evolving,0.001,fixed,origin
,0,0,TRUE,XS,1000,0.01,evolving,0.001,fixed,origin
,0,0,TRUE,YS,1000,0.001,evolving,0.001,fixed,origin
,0,0,TRUE,ZS,1000,1e-04,evolving,0.001,fixed,origin
,0,0,TRUE,AT,1000,0,evolving,0.001,fixed,origin
,0,0,TRUE,BT,1000,0.1,fixed,1e-04,fixed,origin
,0,0,TRUE,CT,1000,0.01,fixed,1e-04,fixed,origin
,0,0,TRUE,DT,1000,0.001,fixed,1e-04,fixed,origin
,0,0,TRUE,ET,1000,1e-04,fixed,1e-04,fixed,origin
,0,0,TRUE,FT,1000,0,fixed,1e-04,fixed,origin
,0,0,TRUE,GT,1000,0.1,charlesworth,1e-04,fixed,origin
,0,0,TRUE,HT,1000,0.01,charlesworth,1e-04,fixed,origin
,0,0,TRUE,IT,1000,0.001,charlesworth,1e-04,fixed,origin
,0,0,TRUE,JT,1000,1e-04,charlesworth,1e-04,fixed,origin
,0,0,TRUE,KT,1000,0,charlesworth,1e-04,fixed,origin
,0,0,TRUE,LT,1000,0.1,evolving,1e-04,fixed,origin
,0,0,TRUE,MT,1000,0.01,evolving,1e-04,fixed,origin
,0,0,TRUE,NT,1000,0.001,evolving,1e-04,fixed,origin
,0,0,TRUE,OT,1000,1e-04,evolving,1e-04,fixed,origin
,0,0,TRUE,PT,1000,0,evolving,1e-04,fixed,origin
,0,0,TRUE,QT,1000,0.1,fixed,0,fixed,origin
,0,0,TRUE,RT,1000,0.01,fixed,0,fixed,origin
,0,0,TRUE,ST,1000,0.001,fixed,0,fixed,origin
,0,0,TRUE,TT,1000,1e-04,fixed,0,fixed,origin
,0,0,TRUE,UT,1000,0,fixed,0,fixed,origin
,0,0,TRUE,VT,1000,0.1,charlesworth,0,fixed,origin
,0,0,TRUE,WT,1000,0.01,charlesworth,0,fixed,origin
,0,0,TRUE,XT,1000,0.001,charlesworth,0,fixed,origin
,0,0,TRUE,YT,1000,1e-04,charlesworth,0,fixed,origin
,0,0,TRUE,ZT,1000,0,charlesworth,0,fixed,origin
,0,0,TRUE,AU,1000,0.1,evolving,0,fixed,origin
,0,0,TRUE,BU,1000,0.01,evolving,0,fixed,origin
,0,0,TRUE,CU,1000,0.001,evolving,0,fixed,origin
,0,0,TRUE,DU,1000,1e-04,evolving,0,fixed,origin
,0,0,TRUE,EU,1000,0,evolving,0,fixed,origin
,0,0,TRUE,FU,1000,0.1,fixed,0.1,charlesworth,origin
,0,0,TRUE,GU,1000,0.01,fixed,0.1,charlesworth,origin
,0,0,TRUE,HU,1000,0.001,fixed,0.1,charlesworth,origin
,0,0,TRUE,IU,1000,1e-04,fixed,0.1,charlesworth,origin
,0,0,TRUE,JU,1000,0,fixed,0.1,charlesworth,origin
,0,0,TRUE,KU,1000,0.1,charlesworth,0.1,charlesworth,origin
,0,0,TRUE,LU,1000,0.01,charlesworth,0.1,charlesworth,origin
,0,0,TRUE,MU,1000,0.001,charlesworth,0.1,charlesworth,origin
,0,0,TRUE,NU,1000,1e-04,charlesworth,0.1,charlesworth,origin
,0,0,TRUE,OU,1000,0,charlesworth,0.1,charlesworth,origin
,0,0,TRUE,PU,1000,0.1,evolving,0.1,charlesworth,origin
,0,0,TRUE,QU,1000,0.01,evolving,0.1,charlesworth,origin
,0,0,TRUE,RU,1000,0.001,evolving,0.1,charlesworth,origin
,0,0,TRUE,SU,1000,1e-04,evolving,0.1,charlesworth,origin
,0,0,TRUE,TU,1000,0,evolving,0.1,charlesworth,origin
,0,0,TRUE,UU,1000,0.1,fixed,0.01,charlesworth,origin
,0,0,TRUE,VU,1000,0.01,fixed,0.01,charlesworth,origin
,0,0,TRUE,WU,1000,0.001,fixed,0.01,charlesworth,origin
,0,0,TRUE,XU,1000,1e-04,fixed,0.01,charlesworth,origin
,0,0,TRUE,YU,1000,0,fixed,0.01,charlesworth,origin
,0,0,TRUE,ZU,1000,0.1,charlesworth,0.01,charlesworth,origin
,0,0,TRUE,AV,1000,0.01,charlesworth,0.01,charlesworth,origin
,0,0,TRUE,BV,1000,0.001,charlesworth,0.01,charlesworth,origin
,0,0,TRUE,CV,1000,1e-04,charlesworth,0.01,charlesworth,origin
,0,0,TRUE,DV,1000,0,charlesworth,0.01,charlesworth,origin
,0,0,TRUE,EV,1000,0.1,evolving,0.01,charlesworth,origin
,0,0,TRUE,FV,1000,0.01,evolving,0.01,charlesworth,origin
,0,0,TRUE,GV,1000,0.001,evolving,0.01,charlesworth,origin
,0,0,TRUE,HV,1000,1e-04,evolving,0.01,charlesworth,origin
,0,0,TRUE,IV,1000,0,evolving,0.01,charlesworth,origin
,0,0,TRUE,JV,1000,0.1,fixed,0.001,charlesworth,origin
,0,0,TRUE,KV,1000,0.01,fixed,0.001,charlesworth,origin
,0,0,TRUE,LV,1000,0.001,fixed,0.001,charlesworth,origin
,0,0,TRUE,MV,1000,1e-04,fixed,0.001,charlesworth,origin
,0,0,TRUE,NV,1000,0,fixed,0.001,charlesworth,origin
,0,0,TRUE,OV,1000,0.1,charlesworth,0.001,charlesworth,origin
,0,0,TRUE,PV,1000,0.01,charlesworth,0.001,charlesworth,origin
,0,0,TRUE,QV,1000,0.001,charlesworth,0.001,charlesworth,origin
,0,0,TRUE,RV,1000,1e-04,charlesworth,0.001,charlesworth,origin
,0,0,TRUE,SV,1000,0,charlesworth,0.001,charlesworth,origin
,0,0,TRUE,TV,1000,0.1,evolving,0.001,charlesworth,origin
,0,0,TRUE,UV,1000,0.01,evolving,0.001,charlesworth,origin
,0,0,TRUE,VV,1000,0.001,evolving,0.001,charlesworth,origin
,0,0,TRUE,WV,1000,1e-04,evolving,0.001,charlesworth,origin
,0,0,TRUE,XV,1000,0,evolving,0.001,charlesworth,origin
,0,0,TRUE,YV,1000,0.1,fixed,1e-04,charlesworth,origin
,0,0,TRUE,ZV,1000,0.01,fixed,1e-04,charlesworth,origin
,0,0,TRUE,AW,1000,0.001,fixed,1e-04,charlesworth,origin
,0,0,TRUE,BW,1000,1e-04,fixed,1e-04,charlesworth,origin
,0,0,TRUE,CW,1000,0,fixed,1e-04,charlesworth,origin
,0,0,TRUE,DW,1000,0.1,charlesworth,1e-04,charlesworth,origin
,0,0,TRUE,EW,1000,0.01,charlesworth,1e-04,charlesworth,origin
,0,0,TRUE,FW,1000,0.001,charlesworth,1e-04,charlesworth,origin
,0,0,TRUE,GW,1000,1e-04,charlesworth,1e-04,charlesworth,origin
,0,0,TRUE,HW,1000,0,charlesworth,1e-04,charlesworth,origin
,0,0,TRUE,IW,1000,0.1,evolving,1e-04,charlesworth,origin
,0,0,TRUE,JW,1000,0.01,evolving,1e-04,charlesworth,origin
,0,0,TRUE,KW,1000,0.001,evolving,1e-04,charlesworth,origin
,0,0,TRUE,LW,1000,1e-04,evolving,1e-04,charlesworth,origin
,0,0,TRUE,MW,1000,0,evolving,1e-04,charlesworth,origin
,0,0,TRUE,NW,1000,0.1,fixed,0,charlesworth,origin
,0,0,TRUE,OW,1000,0.01,fixed,0,charlesworth,origin
,0,0,TRUE,PW,1000,0.001,fixed,0,charlesworth,origin
,0,0,TRUE,QW,1000,1e-04,fixed,0,charlesworth,origin
,0,0,TRUE,RW,1000,0,fixed,0,charlesworth,origin
,0,0,TRUE,SW,1000,0.1,charlesworth,0,charlesworth,origin
,0,0,TRUE,TW,1000,0.01,charlesworth,0,charlesworth,origin
,0,0,TRUE,UW,1000,0.001,charlesworth,0,charlesworth,origin
,0,0,TRUE,VW,1000,1e-04,charlesworth,0,charlesworth,origin
,0,0,TRUE,WW,1000,0,charlesworth,0,charlesworth,origin
,0,0,TRUE,XW,1000,0.1,evolving,0,charlesworth,origin
,0,0,TRUE,YW,1000,0.01,evolving,0,charlesworth,origin
,0,0,TRUE,ZW,1000,0.001,evolving,0,charlesworth,origin
,0,0,TRUE,AX,1000,1e-04,evolving,0,charlesworth,origin
,0,0,TRUE,BX,1000,0,evolving,0,charlesworth,origin
,0,0,TRUE,CX,1000,0.1,fixed,0.1,evolving,origin
,0,0,TRUE,DX,1000,0.01,fixed,0.1,evolving,origin
,0,0,TRUE,EX,1000,0.001,fixed,0.1,evolving,origin
,0,0,TRUE,FX,1000,1e-04,fixed,0.1,evolving,origin
,0,0,TRUE,GX,1000,0,fixed,0.1,evolving,origin
,0,0,TRUE,HX,1000,0.1,charlesworth,0.1,evolving,origin
,0,0,TRUE,IX,1000,0.01,charlesworth,0.1,evolving,origin
,0,0,TRUE,JX,1000,0.001,charlesworth,0.1,evolving,origin
,0,0,TRUE,KX,1000,1e-04,charlesworth,0.1,evolving,origin
,0,0,TRUE,LX,1000,0,charlesworth,0.1,evolving,origin
,0,0,TRUE,MX,1000,0.1,evolving,0.1,evolving,origin
,0,0,TRUE,NX,1000,0.01,evolving,0.1,evolving,origin
,0,0,TRUE,OX,1000,0.001,evolving,0.1,evolving,origin
,0,0,TRUE,PX,1000,1e-04,evolving,0.1,evolving,origin
,0,0,TRUE,QX,1000,0,evolving,0.1,evolving,origin
,0,0,TRUE,RX,1000,0.1,fixed,0.01,evolving,origin
,0,0,TRUE,SX,1000,0.01,fixed,0.01,evolving,origin
,0,0,TRUE,TX,1000,0.001,fixed,0.01,evolving,origin
,0,0,TRUE,UX,1000,1e-04,fixed,0.01,evolving,origin
,0,0,TRUE,VX,1000,0,fixed,0.01,evolving,origin
,0,0,TRUE,WX,1000,0.1,charlesworth,0.01,evolving,origin
,0,0,TRUE,XX,1000,0.01,charlesworth,0.01,evolving,origin
,0,0,TRUE,YX,1000,0.001,charlesworth,0.01,evolving,origin
,0,0,TRUE,ZX,1000,1e-04,charlesworth,0.01,evolving,origin
,0,0,TRUE,AY,1000,0,charlesworth,0.01,evolving,origin
,0,0,TRUE,BY,1000,0.1,evolving,0.01,evolving,origin
,0,0,TRUE,CY,1000,0.01,evolving,0.01,evolving,origin
,0,0,TRUE,DY,1000,0.001,evolving,0.01,evolving,origin
,0,0,TRUE,EY,1000,1e-04,evolving,0.01,evolving,origin
,0,0,TRUE,FY,1000,0,evolving,0.01,evolving,origin
,0,0,TRUE,GY,1000,0.1,fixed,0.001,evolving,origin
,0,0,TRUE,HY,1000,0.01,fixed,0.001,evolving,origin
,0,0,TRUE,IY,1000,0.001,fixed,0.001,evolving,origin
,0,0,TRUE,JY,1000,1e-04,fixed,0.001,evolving,origin
,0,0,TRUE,KY,1000,0,fixed,0.001,evolving,origin
,0,0,TRUE,LY,1000,0.1,charlesworth,0.001,evolving,origin
,0,0,TRUE,MY,1000,0.01,charlesworth,0.001,evolving,origin
,0,0,TRUE,NY,1000,0.001,charlesworth,0.001,evolving,origin
,0,0,TRUE,OY,1000,1e-04,charlesworth,0.001,evolving,origin
,0,0,TRUE,PY,1000,0,charlesworth,0.001,evolving,origin
,0,0,TRUE,QY,1000,0.1,evolving,0.001,evolving,origin
,0,0,TRUE,RY,1000,0.01,evolving,0.001,evolving,origin
,0,0,TRUE,SY,1000,0.001,evolving,0.001,evolving,origin
,0,0,TRUE,TY,1000,1e-04,evolving,0.001,evolving,origin
,0,0,TRUE,UY,1000,0,evolving,0.001,evolving,origin
,0,0,TRUE,VY,1000,0.1,fixed,1e-04,evolving,origin
,0,0,TRUE,WY,1000,0.01,fixed,1e-04,evolving,origin
,0,0,TRUE,XY,1000,0.001,fixed,1e-04,evolving,origin
,0,0,TRUE,YY,1000,1e-04,fixed,1e-04,evolving,origin
,0,0,TRUE,ZY,1000,0,fixed,1e-04,evolving,origin
,0,0,TRUE,AZ,1000,0.1,charlesworth,1e-04,evolving,origin
,0,0,TRUE,BZ,1000,0.01,charlesworth,1e-04,evolving,origin
,0,0,TRUE,CZ,1000,0.001,charlesworth,1e-04,evolving,origin
,0,0,TRUE,DZ,1000,1e-04,charlesworth,1e-04,evolving,origin
,0,0,TRUE,EZ,1000,0,charlesworth,1e-04,evolving,origin
,0,0,TRUE,FZ,1000,0.1,evolving,1e-04,evolving,origin
,0,0,TRUE,GZ,1000,0.01,evolving,1e-04,evolving,origin
,0,0,TRUE,HZ,1000,0.001,evolving,1e-04,evolving,origin
,0,0,TRUE,IZ,1000,1e-04,evolving,1e-04,evolving,origin
,0,0,TRUE,JZ,1000,0,evolving,1e-04,evolving,origin
,0,0,TRUE,KZ,1000,0.1,fixed,0,evolving,origin
,0,0,TRUE,LZ,1000,0.01,fixed,0,evolving,origin
,0,0,TRUE,MZ,1000,0.001,fixed,0,evolving,origin
,0,0,TRUE,NZ,1000,1e-04,fixed,0,evolving,origin
,0,0,TRUE,OZ,1000,0,fixed,0,evolving,origin
,0,0,TRUE,PZ,1000,0.1,charlesworth,0,evolving,origin
,0,0,TRUE,QZ,1000,0.01,charlesworth,0,evolving,origin
,0,0,TRUE,RZ,1000,0.001,charlesworth,0,evolving,origin
,0,0,TRUE,SZ,1000,1e-04,charlesworth,0,evolving,origin
,0,0,TRUE,TZ,1000,0,charlesworth,0,evolving,origin
,0,0,TRUE,UZ,1000,0.1,evolving,0,evolving,origin
,0,0,TRUE,VZ,1000,0.01,evolving,0,evolving,origin
,0,0,TRUE,WZ,1000,0.001,evolving,0,evolving,origin
,0,0,TRUE,XZ,1000,1e-04,evolving,0,evolving,origin
,0,0,TRUE,YZ,1000,0,evolving,0,evolving,origin
