recom,recomH1,cell,homologousAutoRecom,transposonEffect,genotoxic
0.1,switch,haploid,0,TRUE,0
0.1,homeostatic,haploid,0,TRUE,0
0.01,switch,haploid,0,TRUE,0
0.01,homeostatic,haploid,0,TRUE,0
0.001,switch,haploid,0,TRUE,0
0.001,homeostatic,haploid,0,TRUE,0
1e-04,switch,haploid,0,TRUE,0
1e-04,homeostatic,haploid,0,TRUE,0
0,switch,haploid,0,TRUE,0
0,homeostatic,haploid,0,TRUE,0
0.1,switch,diploid,0,TRUE,0
0.1,homeostatic,diploid,0,TRUE,0
0.01,switch,diploid,0,TRUE,0
0.01,homeostatic,diploid,0,TRUE,0
0.001,switch,diploid,0,TRUE,0
0.001,homeostatic,diploid,0,TRUE,0
1e-04,switch,diploid,0,TRUE,0
1e-04,homeostatic,diploid,0,TRUE,0
0,switch,diploid,0,TRUE,0
0,homeostatic,diploid,0,TRUE,0
0.1,switch,haploid,0.1,TRUE,0
0.1,homeostatic,haploid,0.1,TRUE,0
0.01,switch,haploid,0.1,TRUE,0
0.01,homeostatic,haploid,0.1,TRUE,0
0.001,switch,haploid,0.1,TRUE,0
0.001,homeostatic,haploid,0.1,TRUE,0
1e-04,switch,haploid,0.1,TRUE,0
1e-04,homeostatic,haploid,0.1,TRUE,0
0,switch,haploid,0.1,TRUE,0
0,homeostatic,haploid,0.1,TRUE,0
0.1,switch,diploid,0.1,TRUE,0
0.1,homeostatic,diploid,0.1,TRUE,0
0.01,switch,diploid,0.1,TRUE,0
0.01,homeostatic,diploid,0.1,TRUE,0
0.001,switch,diploid,0.1,TRUE,0
0.001,homeostatic,diploid,0.1,TRUE,0
1e-04,switch,diploid,0.1,TRUE,0
1e-04,homeostatic,diploid,0.1,TRUE,0
0,switch,diploid,0.1,TRUE,0
0,homeostatic,diploid,0.1,TRUE,0
0.1,switch,haploid,0.2,TRUE,0
0.1,homeostatic,haploid,0.2,TRUE,0
0.01,switch,haploid,0.2,TRUE,0
0.01,homeostatic,haploid,0.2,TRUE,0
0.001,switch,haploid,0.2,TRUE,0
0.001,homeostatic,haploid,0.2,TRUE,0
1e-04,switch,haploid,0.2,TRUE,0
1e-04,homeostatic,haploid,0.2,TRUE,0
0,switch,haploid,0.2,TRUE,0
0,homeostatic,haploid,0.2,TRUE,0
0.1,switch,diploid,0.2,TRUE,0
0.1,homeostatic,diploid,0.2,TRUE,0
0.01,switch,diploid,0.2,TRUE,0
0.01,homeostatic,diploid,0.2,TRUE,0
0.001,switch,diploid,0.2,TRUE,0
0.001,homeostatic,diploid,0.2,TRUE,0
1e-04,switch,diploid,0.2,TRUE,0
1e-04,homeostatic,diploid,0.2,TRUE,0
0,switch,diploid,0.2,TRUE,0
0,homeostatic,diploid,0.2,TRUE,0
0.1,switch,haploid,0.3,TRUE,0
0.1,homeostatic,haploid,0.3,TRUE,0
0.01,switch,haploid,0.3,TRUE,0
0.01,homeostatic,haploid,0.3,TRUE,0
0.001,switch,haploid,0.3,TRUE,0
0.001,homeostatic,haploid,0.3,TRUE,0
1e-04,switch,haploid,0.3,TRUE,0
1e-04,homeostatic,haploid,0.3,TRUE,0
0,switch,haploid,0.3,TRUE,0
0,homeostatic,haploid,0.3,TRUE,0
0.1,switch,diploid,0.3,TRUE,0
0.1,homeostatic,diploid,0.3,TRUE,0
0.01,switch,diploid,0.3,TRUE,0
0.01,homeostatic,diploid,0.3,TRUE,0
0.001,switch,diploid,0.3,TRUE,0
0.001,homeostatic,diploid,0.3,TRUE,0
1e-04,switch,diploid,0.3,TRUE,0
1e-04,homeostatic,diploid,0.3,TRUE,0
0,switch,diploid,0.3,TRUE,0
0,homeostatic,diploid,0.3,TRUE,0
0.1,switch,haploid,0.4,TRUE,0
0.1,homeostatic,haploid,0.4,TRUE,0
0.01,switch,haploid,0.4,TRUE,0
0.01,homeostatic,haploid,0.4,TRUE,0
0.001,switch,haploid,0.4,TRUE,0
0.001,homeostatic,haploid,0.4,TRUE,0
1e-04,switch,haploid,0.4,TRUE,0
1e-04,homeostatic,haploid,0.4,TRUE,0
0,switch,haploid,0.4,TRUE,0
0,homeostatic,haploid,0.4,TRUE,0
0.1,switch,diploid,0.4,TRUE,0
0.1,homeostatic,diploid,0.4,TRUE,0
0.01,switch,diploid,0.4,TRUE,0
0.01,homeostatic,diploid,0.4,TRUE,0
0.001,switch,diploid,0.4,TRUE,0
0.001,homeostatic,diploid,0.4,TRUE,0
1e-04,switch,diploid,0.4,TRUE,0
1e-04,homeostatic,diploid,0.4,TRUE,0
0,switch,diploid,0.4,TRUE,0
0,homeostatic,diploid,0.4,TRUE,0
0.1,switch,haploid,0.5,TRUE,0
0.1,homeostatic,haploid,0.5,TRUE,0
0.01,switch,haploid,0.5,TRUE,0
0.01,homeostatic,haploid,0.5,TRUE,0
0.001,switch,haploid,0.5,TRUE,0
0.001,homeostatic,haploid,0.5,TRUE,0
1e-04,switch,haploid,0.5,TRUE,0
1e-04,homeostatic,haploid,0.5,TRUE,0
0,switch,haploid,0.5,TRUE,0
0,homeostatic,haploid,0.5,TRUE,0
0.1,switch,diploid,0.5,TRUE,0
0.1,homeostatic,diploid,0.5,TRUE,0
0.01,switch,diploid,0.5,TRUE,0
0.01,homeostatic,diploid,0.5,TRUE,0
0.001,switch,diploid,0.5,TRUE,0
0.001,homeostatic,diploid,0.5,TRUE,0
1e-04,switch,diploid,0.5,TRUE,0
1e-04,homeostatic,diploid,0.5,TRUE,0
0,switch,diploid,0.5,TRUE,0
0,homeostatic,diploid,0.5,TRUE,0
0.1,switch,haploid,0.6,TRUE,0
0.1,homeostatic,haploid,0.6,TRUE,0
0.01,switch,haploid,0.6,TRUE,0
0.01,homeostatic,haploid,0.6,TRUE,0
0.001,switch,haploid,0.6,TRUE,0
0.001,homeostatic,haploid,0.6,TRUE,0
1e-04,switch,haploid,0.6,TRUE,0
1e-04,homeostatic,haploid,0.6,TRUE,0
0,switch,haploid,0.6,TRUE,0
0,homeostatic,haploid,0.6,TRUE,0
0.1,switch,diploid,0.6,TRUE,0
0.1,homeostatic,diploid,0.6,TRUE,0
0.01,switch,diploid,0.6,TRUE,0
0.01,homeostatic,diploid,0.6,TRUE,0
0.001,switch,diploid,0.6,TRUE,0
0.001,homeostatic,diploid,0.6,TRUE,0
1e-04,switch,diploid,0.6,TRUE,0
1e-04,homeostatic,diploid,0.6,TRUE,0
0,switch,diploid,0.6,TRUE,0
0,homeostatic,diploid,0.6,TRUE,0
0.1,switch,haploid,0.7,TRUE,0
0.1,homeostatic,haploid,0.7,TRUE,0
0.01,switch,haploid,0.7,TRUE,0
0.01,homeostatic,haploid,0.7,TRUE,0
0.001,switch,haploid,0.7,TRUE,0
0.001,homeostatic,haploid,0.7,TRUE,0
1e-04,switch,haploid,0.7,TRUE,0
1e-04,homeostatic,haploid,0.7,TRUE,0
0,switch,haploid,0.7,TRUE,0
0,homeostatic,haploid,0.7,TRUE,0
0.1,switch,diploid,0.7,TRUE,0
0.1,homeostatic,diploid,0.7,TRUE,0
0.01,switch,diploid,0.7,TRUE,0
0.01,homeostatic,diploid,0.7,TRUE,0
0.001,switch,diploid,0.7,TRUE,0
0.001,homeostatic,diploid,0.7,TRUE,0
1e-04,switch,diploid,0.7,TRUE,0
1e-04,homeostatic,diploid,0.7,TRUE,0
0,switch,diploid,0.7,TRUE,0
0,homeostatic,diploid,0.7,TRUE,0
0.1,switch,haploid,0.8,TRUE,0
0.1,homeostatic,haploid,0.8,TRUE,0
0.01,switch,haploid,0.8,TRUE,0
0.01,homeostatic,haploid,0.8,TRUE,0
0.001,switch,haploid,0.8,TRUE,0
0.001,homeostatic,haploid,0.8,TRUE,0
1e-04,switch,haploid,0.8,TRUE,0
1e-04,homeostatic,haploid,0.8,TRUE,0
0,switch,haploid,0.8,TRUE,0
0,homeostatic,haploid,0.8,TRUE,0
0.1,switch,diploid,0.8,TRUE,0
0.1,homeostatic,diploid,0.8,TRUE,0
0.01,switch,diploid,0.8,TRUE,0
0.01,homeostatic,diploid,0.8,TRUE,0
0.001,switch,diploid,0.8,TRUE,0
0.001,homeostatic,diploid,0.8,TRUE,0
1e-04,switch,diploid,0.8,TRUE,0
1e-04,homeostatic,diploid,0.8,TRUE,0
0,switch,diploid,0.8,TRUE,0
0,homeostatic,diploid,0.8,TRUE,0
0.1,switch,haploid,0.9,TRUE,0
0.1,homeostatic,haploid,0.9,TRUE,0
0.01,switch,haploid,0.9,TRUE,0
0.01,homeostatic,haploid,0.9,TRUE,0
0.001,switch,haploid,0.9,TRUE,0
0.001,homeostatic,haploid,0.9,TRUE,0
1e-04,switch,haploid,0.9,TRUE,0
1e-04,homeostatic,haploid,0.9,TRUE,0
0,switch,haploid,0.9,TRUE,0
0,homeostatic,haploid,0.9,TRUE,0
0.1,switch,diploid,0.9,TRUE,0
0.1,homeostatic,diploid,0.9,TRUE,0
0.01,switch,diploid,0.9,TRUE,0
0.01,homeostatic,diploid,0.9,TRUE,0
0.001,switch,diploid,0.9,TRUE,0
0.001,homeostatic,diploid,0.9,TRUE,0
1e-04,switch,diploid,0.9,TRUE,0
1e-04,homeostatic,diploid,0.9,TRUE,0
0,switch,diploid,0.9,TRUE,0
0,homeostatic,diploid,0.9,TRUE,0
0.1,switch,haploid,1,TRUE,0
0.1,homeostatic,haploid,1,TRUE,0
0.01,switch,haploid,1,TRUE,0
0.01,homeostatic,haploid,1,TRUE,0
0.001,switch,haploid,1,TRUE,0
0.001,homeostatic,haploid,1,TRUE,0
1e-04,switch,haploid,1,TRUE,0
1e-04,homeostatic,haploid,1,TRUE,0
0,switch,haploid,1,TRUE,0
0,homeostatic,haploid,1,TRUE,0
0.1,switch,diploid,1,TRUE,0
0.1,homeostatic,diploid,1,TRUE,0
0.01,switch,diploid,1,TRUE,0
0.01,homeostatic,diploid,1,TRUE,0
0.001,switch,diploid,1,TRUE,0
0.001,homeostatic,diploid,1,TRUE,0
1e-04,switch,diploid,1,TRUE,0
1e-04,homeostatic,diploid,1,TRUE,0
0,switch,diploid,1,TRUE,0
0,homeostatic,diploid,1,TRUE,0
0.1,switch,haploid,0,FALSE,0
0.1,homeostatic,haploid,0,FALSE,0
0.01,switch,haploid,0,FALSE,0
0.01,homeostatic,haploid,0,FALSE,0
0.001,switch,haploid,0,FALSE,0
0.001,homeostatic,haploid,0,FALSE,0
1e-04,switch,haploid,0,FALSE,0
1e-04,homeostatic,haploid,0,FALSE,0
0,switch,haploid,0,FALSE,0
0,homeostatic,haploid,0,FALSE,0
0.1,switch,diploid,0,FALSE,0
0.1,homeostatic,diploid,0,FALSE,0
0.01,switch,diploid,0,FALSE,0
0.01,homeostatic,diploid,0,FALSE,0
0.001,switch,diploid,0,FALSE,0
0.001,homeostatic,diploid,0,FALSE,0
1e-04,switch,diploid,0,FALSE,0
1e-04,homeostatic,diploid,0,FALSE,0
0,switch,diploid,0,FALSE,0
0,homeostatic,diploid,0,FALSE,0
0.1,switch,haploid,0.1,FALSE,0
0.1,homeostatic,haploid,0.1,FALSE,0
0.01,switch,haploid,0.1,FALSE,0
0.01,homeostatic,haploid,0.1,FALSE,0
0.001,switch,haploid,0.1,FALSE,0
0.001,homeostatic,haploid,0.1,FALSE,0
1e-04,switch,haploid,0.1,FALSE,0
1e-04,homeostatic,haploid,0.1,FALSE,0
0,switch,haploid,0.1,FALSE,0
0,homeostatic,haploid,0.1,FALSE,0
0.1,switch,diploid,0.1,FALSE,0
0.1,homeostatic,diploid,0.1,FALSE,0
0.01,switch,diploid,0.1,FALSE,0
0.01,homeostatic,diploid,0.1,FALSE,0
0.001,switch,diploid,0.1,FALSE,0
0.001,homeostatic,diploid,0.1,FALSE,0
1e-04,switch,diploid,0.1,FALSE,0
1e-04,homeostatic,diploid,0.1,FALSE,0
0,switch,diploid,0.1,FALSE,0
0,homeostatic,diploid,0.1,FALSE,0
0.1,switch,haploid,0.2,FALSE,0
0.1,homeostatic,haploid,0.2,FALSE,0
0.01,switch,haploid,0.2,FALSE,0
0.01,homeostatic,haploid,0.2,FALSE,0
0.001,switch,haploid,0.2,FALSE,0
0.001,homeostatic,haploid,0.2,FALSE,0
1e-04,switch,haploid,0.2,FALSE,0
1e-04,homeostatic,haploid,0.2,FALSE,0
0,switch,haploid,0.2,FALSE,0
0,homeostatic,haploid,0.2,FALSE,0
0.1,switch,diploid,0.2,FALSE,0
0.1,homeostatic,diploid,0.2,FALSE,0
0.01,switch,diploid,0.2,FALSE,0
0.01,homeostatic,diploid,0.2,FALSE,0
0.001,switch,diploid,0.2,FALSE,0
0.001,homeostatic,diploid,0.2,FALSE,0
1e-04,switch,diploid,0.2,FALSE,0
1e-04,homeostatic,diploid,0.2,FALSE,0
0,switch,diploid,0.2,FALSE,0
0,homeostatic,diploid,0.2,FALSE,0
0.1,switch,haploid,0.3,FALSE,0
0.1,homeostatic,haploid,0.3,FALSE,0
0.01,switch,haploid,0.3,FALSE,0
0.01,homeostatic,haploid,0.3,FALSE,0
0.001,switch,haploid,0.3,FALSE,0
0.001,homeostatic,haploid,0.3,FALSE,0
1e-04,switch,haploid,0.3,FALSE,0
1e-04,homeostatic,haploid,0.3,FALSE,0
0,switch,haploid,0.3,FALSE,0
0,homeostatic,haploid,0.3,FALSE,0
0.1,switch,diploid,0.3,FALSE,0
0.1,homeostatic,diploid,0.3,FALSE,0
0.01,switch,diploid,0.3,FALSE,0
0.01,homeostatic,diploid,0.3,FALSE,0
0.001,switch,diploid,0.3,FALSE,0
0.001,homeostatic,diploid,0.3,FALSE,0
1e-04,switch,diploid,0.3,FALSE,0
1e-04,homeostatic,diploid,0.3,FALSE,0
0,switch,diploid,0.3,FALSE,0
0,homeostatic,diploid,0.3,FALSE,0
0.1,switch,haploid,0.4,FALSE,0
0.1,homeostatic,haploid,0.4,FALSE,0
0.01,switch,haploid,0.4,FALSE,0
0.01,homeostatic,haploid,0.4,FALSE,0
0.001,switch,haploid,0.4,FALSE,0
0.001,homeostatic,haploid,0.4,FALSE,0
1e-04,switch,haploid,0.4,FALSE,0
1e-04,homeostatic,haploid,0.4,FALSE,0
0,switch,haploid,0.4,FALSE,0
0,homeostatic,haploid,0.4,FALSE,0
0.1,switch,diploid,0.4,FALSE,0
0.1,homeostatic,diploid,0.4,FALSE,0
0.01,switch,diploid,0.4,FALSE,0
0.01,homeostatic,diploid,0.4,FALSE,0
0.001,switch,diploid,0.4,FALSE,0
0.001,homeostatic,diploid,0.4,FALSE,0
1e-04,switch,diploid,0.4,FALSE,0
1e-04,homeostatic,diploid,0.4,FALSE,0
0,switch,diploid,0.4,FALSE,0
0,homeostatic,diploid,0.4,FALSE,0
0.1,switch,haploid,0.5,FALSE,0
0.1,homeostatic,haploid,0.5,FALSE,0
0.01,switch,haploid,0.5,FALSE,0
0.01,homeostatic,haploid,0.5,FALSE,0
0.001,switch,haploid,0.5,FALSE,0
0.001,homeostatic,haploid,0.5,FALSE,0
1e-04,switch,haploid,0.5,FALSE,0
1e-04,homeostatic,haploid,0.5,FALSE,0
0,switch,haploid,0.5,FALSE,0
0,homeostatic,haploid,0.5,FALSE,0
0.1,switch,diploid,0.5,FALSE,0
0.1,homeostatic,diploid,0.5,FALSE,0
0.01,switch,diploid,0.5,FALSE,0
0.01,homeostatic,diploid,0.5,FALSE,0
0.001,switch,diploid,0.5,FALSE,0
0.001,homeostatic,diploid,0.5,FALSE,0
1e-04,switch,diploid,0.5,FALSE,0
1e-04,homeostatic,diploid,0.5,FALSE,0
0,switch,diploid,0.5,FALSE,0
0,homeostatic,diploid,0.5,FALSE,0
0.1,switch,haploid,0.6,FALSE,0
0.1,homeostatic,haploid,0.6,FALSE,0
0.01,switch,haploid,0.6,FALSE,0
0.01,homeostatic,haploid,0.6,FALSE,0
0.001,switch,haploid,0.6,FALSE,0
0.001,homeostatic,haploid,0.6,FALSE,0
1e-04,switch,haploid,0.6,FALSE,0
1e-04,homeostatic,haploid,0.6,FALSE,0
0,switch,haploid,0.6,FALSE,0
0,homeostatic,haploid,0.6,FALSE,0
0.1,switch,diploid,0.6,FALSE,0
0.1,homeostatic,diploid,0.6,FALSE,0
0.01,switch,diploid,0.6,FALSE,0
0.01,homeostatic,diploid,0.6,FALSE,0
0.001,switch,diploid,0.6,FALSE,0
0.001,homeostatic,diploid,0.6,FALSE,0
1e-04,switch,diploid,0.6,FALSE,0
1e-04,homeostatic,diploid,0.6,FALSE,0
0,switch,diploid,0.6,FALSE,0
0,homeostatic,diploid,0.6,FALSE,0
0.1,switch,haploid,0.7,FALSE,0
0.1,homeostatic,haploid,0.7,FALSE,0
0.01,switch,haploid,0.7,FALSE,0
0.01,homeostatic,haploid,0.7,FALSE,0
0.001,switch,haploid,0.7,FALSE,0
0.001,homeostatic,haploid,0.7,FALSE,0
1e-04,switch,haploid,0.7,FALSE,0
1e-04,homeostatic,haploid,0.7,FALSE,0
0,switch,haploid,0.7,FALSE,0
0,homeostatic,haploid,0.7,FALSE,0
0.1,switch,diploid,0.7,FALSE,0
0.1,homeostatic,diploid,0.7,FALSE,0
0.01,switch,diploid,0.7,FALSE,0
0.01,homeostatic,diploid,0.7,FALSE,0
0.001,switch,diploid,0.7,FALSE,0
0.001,homeostatic,diploid,0.7,FALSE,0
1e-04,switch,diploid,0.7,FALSE,0
1e-04,homeostatic,diploid,0.7,FALSE,0
0,switch,diploid,0.7,FALSE,0
0,homeostatic,diploid,0.7,FALSE,0
0.1,switch,haploid,0.8,FALSE,0
0.1,homeostatic,haploid,0.8,FALSE,0
0.01,switch,haploid,0.8,FALSE,0
0.01,homeostatic,haploid,0.8,FALSE,0
0.001,switch,haploid,0.8,FALSE,0
0.001,homeostatic,haploid,0.8,FALSE,0
1e-04,switch,haploid,0.8,FALSE,0
1e-04,homeostatic,haploid,0.8,FALSE,0
0,switch,haploid,0.8,FALSE,0
0,homeostatic,haploid,0.8,FALSE,0
0.1,switch,diploid,0.8,FALSE,0
0.1,homeostatic,diploid,0.8,FALSE,0
0.01,switch,diploid,0.8,FALSE,0
0.01,homeostatic,diploid,0.8,FALSE,0
0.001,switch,diploid,0.8,FALSE,0
0.001,homeostatic,diploid,0.8,FALSE,0
1e-04,switch,diploid,0.8,FALSE,0
1e-04,homeostatic,diploid,0.8,FALSE,0
0,switch,diploid,0.8,FALSE,0
0,homeostatic,diploid,0.8,FALSE,0
0.1,switch,haploid,0.9,FALSE,0
0.1,homeostatic,haploid,0.9,FALSE,0
0.01,switch,haploid,0.9,FALSE,0
0.01,homeostatic,haploid,0.9,FALSE,0
0.001,switch,haploid,0.9,FALSE,0
0.001,homeostatic,haploid,0.9,FALSE,0
1e-04,switch,haploid,0.9,FALSE,0
1e-04,homeostatic,haploid,0.9,FALSE,0
0,switch,haploid,0.9,FALSE,0
0,homeostatic,haploid,0.9,FALSE,0
0.1,switch,diploid,0.9,FALSE,0
0.1,homeostatic,diploid,0.9,FALSE,0
0.01,switch,diploid,0.9,FALSE,0
0.01,homeostatic,diploid,0.9,FALSE,0
0.001,switch,diploid,0.9,FALSE,0
0.001,homeostatic,diploid,0.9,FALSE,0
1e-04,switch,diploid,0.9,FALSE,0
1e-04,homeostatic,diploid,0.9,FALSE,0
0,switch,diploid,0.9,FALSE,0
0,homeostatic,diploid,0.9,FALSE,0
0.1,switch,haploid,1,FALSE,0
0.1,homeostatic,haploid,1,FALSE,0
0.01,switch,haploid,1,FALSE,0
0.01,homeostatic,haploid,1,FALSE,0
0.001,switch,haploid,1,FALSE,0
0.001,homeostatic,haploid,1,FALSE,0
1e-04,switch,haploid,1,FALSE,0
1e-04,homeostatic,haploid,1,FALSE,0
0,switch,haploid,1,FALSE,0
0,homeostatic,haploid,1,FALSE,0
0.1,switch,diploid,1,FALSE,0
0.1,homeostatic,diploid,1,FALSE,0
0.01,switch,diploid,1,FALSE,0
0.01,homeostatic,diploid,1,FALSE,0
0.001,switch,diploid,1,FALSE,0
0.001,homeostatic,diploid,1,FALSE,0
1e-04,switch,diploid,1,FALSE,0
1e-04,homeostatic,diploid,1,FALSE,0
0,switch,diploid,1,FALSE,0
0,homeostatic,diploid,1,FALSE,0
0.1,switch,haploid,0,TRUE,1
0.1,homeostatic,haploid,0,TRUE,1
0.01,switch,haploid,0,TRUE,1
0.01,homeostatic,haploid,0,TRUE,1
0.001,switch,haploid,0,TRUE,1
0.001,homeostatic,haploid,0,TRUE,1
1e-04,switch,haploid,0,TRUE,1
1e-04,homeostatic,haploid,0,TRUE,1
0,switch,haploid,0,TRUE,1
0,homeostatic,haploid,0,TRUE,1
0.1,switch,diploid,0,TRUE,1
0.1,homeostatic,diploid,0,TRUE,1
0.01,switch,diploid,0,TRUE,1
0.01,homeostatic,diploid,0,TRUE,1
0.001,switch,diploid,0,TRUE,1
0.001,homeostatic,diploid,0,TRUE,1
1e-04,switch,diploid,0,TRUE,1
1e-04,homeostatic,diploid,0,TRUE,1
0,switch,diploid,0,TRUE,1
0,homeostatic,diploid,0,TRUE,1
0.1,switch,haploid,0.1,TRUE,1
0.1,homeostatic,haploid,0.1,TRUE,1
0.01,switch,haploid,0.1,TRUE,1
0.01,homeostatic,haploid,0.1,TRUE,1
0.001,switch,haploid,0.1,TRUE,1
0.001,homeostatic,haploid,0.1,TRUE,1
1e-04,switch,haploid,0.1,TRUE,1
1e-04,homeostatic,haploid,0.1,TRUE,1
0,switch,haploid,0.1,TRUE,1
0,homeostatic,haploid,0.1,TRUE,1
0.1,switch,diploid,0.1,TRUE,1
0.1,homeostatic,diploid,0.1,TRUE,1
0.01,switch,diploid,0.1,TRUE,1
0.01,homeostatic,diploid,0.1,TRUE,1
0.001,switch,diploid,0.1,TRUE,1
0.001,homeostatic,diploid,0.1,TRUE,1
1e-04,switch,diploid,0.1,TRUE,1
1e-04,homeostatic,diploid,0.1,TRUE,1
0,switch,diploid,0.1,TRUE,1
0,homeostatic,diploid,0.1,TRUE,1
0.1,switch,haploid,0.2,TRUE,1
0.1,homeostatic,haploid,0.2,TRUE,1
0.01,switch,haploid,0.2,TRUE,1
0.01,homeostatic,haploid,0.2,TRUE,1
0.001,switch,haploid,0.2,TRUE,1
0.001,homeostatic,haploid,0.2,TRUE,1
1e-04,switch,haploid,0.2,TRUE,1
1e-04,homeostatic,haploid,0.2,TRUE,1
0,switch,haploid,0.2,TRUE,1
0,homeostatic,haploid,0.2,TRUE,1
0.1,switch,diploid,0.2,TRUE,1
0.1,homeostatic,diploid,0.2,TRUE,1
0.01,switch,diploid,0.2,TRUE,1
0.01,homeostatic,diploid,0.2,TRUE,1
0.001,switch,diploid,0.2,TRUE,1
0.001,homeostatic,diploid,0.2,TRUE,1
1e-04,switch,diploid,0.2,TRUE,1
1e-04,homeostatic,diploid,0.2,TRUE,1
0,switch,diploid,0.2,TRUE,1
0,homeostatic,diploid,0.2,TRUE,1
0.1,switch,haploid,0.3,TRUE,1
0.1,homeostatic,haploid,0.3,TRUE,1
0.01,switch,haploid,0.3,TRUE,1
0.01,homeostatic,haploid,0.3,TRUE,1
0.001,switch,haploid,0.3,TRUE,1
0.001,homeostatic,haploid,0.3,TRUE,1
1e-04,switch,haploid,0.3,TRUE,1
1e-04,homeostatic,haploid,0.3,TRUE,1
0,switch,haploid,0.3,TRUE,1
0,homeostatic,haploid,0.3,TRUE,1
0.1,switch,diploid,0.3,TRUE,1
0.1,homeostatic,diploid,0.3,TRUE,1
0.01,switch,diploid,0.3,TRUE,1
0.01,homeostatic,diploid,0.3,TRUE,1
0.001,switch,diploid,0.3,TRUE,1
0.001,homeostatic,diploid,0.3,TRUE,1
1e-04,switch,diploid,0.3,TRUE,1
1e-04,homeostatic,diploid,0.3,TRUE,1
0,switch,diploid,0.3,TRUE,1
0,homeostatic,diploid,0.3,TRUE,1
0.1,switch,haploid,0.4,TRUE,1
0.1,homeostatic,haploid,0.4,TRUE,1
0.01,switch,haploid,0.4,TRUE,1
0.01,homeostatic,haploid,0.4,TRUE,1
0.001,switch,haploid,0.4,TRUE,1
0.001,homeostatic,haploid,0.4,TRUE,1
1e-04,switch,haploid,0.4,TRUE,1
1e-04,homeostatic,haploid,0.4,TRUE,1
0,switch,haploid,0.4,TRUE,1
0,homeostatic,haploid,0.4,TRUE,1
0.1,switch,diploid,0.4,TRUE,1
0.1,homeostatic,diploid,0.4,TRUE,1
0.01,switch,diploid,0.4,TRUE,1
0.01,homeostatic,diploid,0.4,TRUE,1
0.001,switch,diploid,0.4,TRUE,1
0.001,homeostatic,diploid,0.4,TRUE,1
1e-04,switch,diploid,0.4,TRUE,1
1e-04,homeostatic,diploid,0.4,TRUE,1
0,switch,diploid,0.4,TRUE,1
0,homeostatic,diploid,0.4,TRUE,1
0.1,switch,haploid,0.5,TRUE,1
0.1,homeostatic,haploid,0.5,TRUE,1
0.01,switch,haploid,0.5,TRUE,1
0.01,homeostatic,haploid,0.5,TRUE,1
0.001,switch,haploid,0.5,TRUE,1
0.001,homeostatic,haploid,0.5,TRUE,1
1e-04,switch,haploid,0.5,TRUE,1
1e-04,homeostatic,haploid,0.5,TRUE,1
0,switch,haploid,0.5,TRUE,1
0,homeostatic,haploid,0.5,TRUE,1
0.1,switch,diploid,0.5,TRUE,1
0.1,homeostatic,diploid,0.5,TRUE,1
0.01,switch,diploid,0.5,TRUE,1
0.01,homeostatic,diploid,0.5,TRUE,1
0.001,switch,diploid,0.5,TRUE,1
0.001,homeostatic,diploid,0.5,TRUE,1
1e-04,switch,diploid,0.5,TRUE,1
1e-04,homeostatic,diploid,0.5,TRUE,1
0,switch,diploid,0.5,TRUE,1
0,homeostatic,diploid,0.5,TRUE,1
0.1,switch,haploid,0.6,TRUE,1
0.1,homeostatic,haploid,0.6,TRUE,1
0.01,switch,haploid,0.6,TRUE,1
0.01,homeostatic,haploid,0.6,TRUE,1
0.001,switch,haploid,0.6,TRUE,1
0.001,homeostatic,haploid,0.6,TRUE,1
1e-04,switch,haploid,0.6,TRUE,1
1e-04,homeostatic,haploid,0.6,TRUE,1
0,switch,haploid,0.6,TRUE,1
0,homeostatic,haploid,0.6,TRUE,1
0.1,switch,diploid,0.6,TRUE,1
0.1,homeostatic,diploid,0.6,TRUE,1
0.01,switch,diploid,0.6,TRUE,1
0.01,homeostatic,diploid,0.6,TRUE,1
0.001,switch,diploid,0.6,TRUE,1
0.001,homeostatic,diploid,0.6,TRUE,1
1e-04,switch,diploid,0.6,TRUE,1
1e-04,homeostatic,diploid,0.6,TRUE,1
0,switch,diploid,0.6,TRUE,1
0,homeostatic,diploid,0.6,TRUE,1
0.1,switch,haploid,0.7,TRUE,1
0.1,homeostatic,haploid,0.7,TRUE,1
0.01,switch,haploid,0.7,TRUE,1
0.01,homeostatic,haploid,0.7,TRUE,1
0.001,switch,haploid,0.7,TRUE,1
0.001,homeostatic,haploid,0.7,TRUE,1
1e-04,switch,haploid,0.7,TRUE,1
1e-04,homeostatic,haploid,0.7,TRUE,1
0,switch,haploid,0.7,TRUE,1
0,homeostatic,haploid,0.7,TRUE,1
0.1,switch,diploid,0.7,TRUE,1
0.1,homeostatic,diploid,0.7,TRUE,1
0.01,switch,diploid,0.7,TRUE,1
0.01,homeostatic,diploid,0.7,TRUE,1
0.001,switch,diploid,0.7,TRUE,1
0.001,homeostatic,diploid,0.7,TRUE,1
1e-04,switch,diploid,0.7,TRUE,1
1e-04,homeostatic,diploid,0.7,TRUE,1
0,switch,diploid,0.7,TRUE,1
0,homeostatic,diploid,0.7,TRUE,1
0.1,switch,haploid,0.8,TRUE,1
0.1,homeostatic,haploid,0.8,TRUE,1
0.01,switch,haploid,0.8,TRUE,1
0.01,homeostatic,haploid,0.8,TRUE,1
0.001,switch,haploid,0.8,TRUE,1
0.001,homeostatic,haploid,0.8,TRUE,1
1e-04,switch,haploid,0.8,TRUE,1
1e-04,homeostatic,haploid,0.8,TRUE,1
0,switch,haploid,0.8,TRUE,1
0,homeostatic,haploid,0.8,TRUE,1
0.1,switch,diploid,0.8,TRUE,1
0.1,homeostatic,diploid,0.8,TRUE,1
0.01,switch,diploid,0.8,TRUE,1
0.01,homeostatic,diploid,0.8,TRUE,1
0.001,switch,diploid,0.8,TRUE,1
0.001,homeostatic,diploid,0.8,TRUE,1
1e-04,switch,diploid,0.8,TRUE,1
1e-04,homeostatic,diploid,0.8,TRUE,1
0,switch,diploid,0.8,TRUE,1
0,homeostatic,diploid,0.8,TRUE,1
0.1,switch,haploid,0.9,TRUE,1
0.1,homeostatic,haploid,0.9,TRUE,1
0.01,switch,haploid,0.9,TRUE,1
0.01,homeostatic,haploid,0.9,TRUE,1
0.001,switch,haploid,0.9,TRUE,1
0.001,homeostatic,haploid,0.9,TRUE,1
1e-04,switch,haploid,0.9,TRUE,1
1e-04,homeostatic,haploid,0.9,TRUE,1
0,switch,haploid,0.9,TRUE,1
0,homeostatic,haploid,0.9,TRUE,1
0.1,switch,diploid,0.9,TRUE,1
0.1,homeostatic,diploid,0.9,TRUE,1
0.01,switch,diploid,0.9,TRUE,1
0.01,homeostatic,diploid,0.9,TRUE,1
0.001,switch,diploid,0.9,TRUE,1
0.001,homeostatic,diploid,0.9,TRUE,1
1e-04,switch,diploid,0.9,TRUE,1
1e-04,homeostatic,diploid,0.9,TRUE,1
0,switch,diploid,0.9,TRUE,1
0,homeostatic,diploid,0.9,TRUE,1
0.1,switch,haploid,1,TRUE,1
0.1,homeostatic,haploid,1,TRUE,1
0.01,switch,haploid,1,TRUE,1
0.01,homeostatic,haploid,1,TRUE,1
0.001,switch,haploid,1,TRUE,1
0.001,homeostatic,haploid,1,TRUE,1
1e-04,switch,haploid,1,TRUE,1
1e-04,homeostatic,haploid,1,TRUE,1
0,switch,haploid,1,TRUE,1
0,homeostatic,haploid,1,TRUE,1
0.1,switch,diploid,1,TRUE,1
0.1,homeostatic,diploid,1,TRUE,1
0.01,switch,diploid,1,TRUE,1
0.01,homeostatic,diploid,1,TRUE,1
0.001,switch,diploid,1,TRUE,1
0.001,homeostatic,diploid,1,TRUE,1
1e-04,switch,diploid,1,TRUE,1
1e-04,homeostatic,diploid,1,TRUE,1
0,switch,diploid,1,TRUE,1
0,homeostatic,diploid,1,TRUE,1
0.1,switch,haploid,0,FALSE,1
0.1,homeostatic,haploid,0,FALSE,1
0.01,switch,haploid,0,FALSE,1
0.01,homeostatic,haploid,0,FALSE,1
0.001,switch,haploid,0,FALSE,1
0.001,homeostatic,haploid,0,FALSE,1
1e-04,switch,haploid,0,FALSE,1
1e-04,homeostatic,haploid,0,FALSE,1
0,switch,haploid,0,FALSE,1
0,homeostatic,haploid,0,FALSE,1
0.1,switch,diploid,0,FALSE,1
0.1,homeostatic,diploid,0,FALSE,1
0.01,switch,diploid,0,FALSE,1
0.01,homeostatic,diploid,0,FALSE,1
0.001,switch,diploid,0,FALSE,1
0.001,homeostatic,diploid,0,FALSE,1
1e-04,switch,diploid,0,FALSE,1
1e-04,homeostatic,diploid,0,FALSE,1
0,switch,diploid,0,FALSE,1
0,homeostatic,diploid,0,FALSE,1
0.1,switch,haploid,0.1,FALSE,1
0.1,homeostatic,haploid,0.1,FALSE,1
0.01,switch,haploid,0.1,FALSE,1
0.01,homeostatic,haploid,0.1,FALSE,1
0.001,switch,haploid,0.1,FALSE,1
0.001,homeostatic,haploid,0.1,FALSE,1
1e-04,switch,haploid,0.1,FALSE,1
1e-04,homeostatic,haploid,0.1,FALSE,1
0,switch,haploid,0.1,FALSE,1
0,homeostatic,haploid,0.1,FALSE,1
0.1,switch,diploid,0.1,FALSE,1
0.1,homeostatic,diploid,0.1,FALSE,1
0.01,switch,diploid,0.1,FALSE,1
0.01,homeostatic,diploid,0.1,FALSE,1
0.001,switch,diploid,0.1,FALSE,1
0.001,homeostatic,diploid,0.1,FALSE,1
1e-04,switch,diploid,0.1,FALSE,1
1e-04,homeostatic,diploid,0.1,FALSE,1
0,switch,diploid,0.1,FALSE,1
0,homeostatic,diploid,0.1,FALSE,1
0.1,switch,haploid,0.2,FALSE,1
0.1,homeostatic,haploid,0.2,FALSE,1
0.01,switch,haploid,0.2,FALSE,1
0.01,homeostatic,haploid,0.2,FALSE,1
0.001,switch,haploid,0.2,FALSE,1
0.001,homeostatic,haploid,0.2,FALSE,1
1e-04,switch,haploid,0.2,FALSE,1
1e-04,homeostatic,haploid,0.2,FALSE,1
0,switch,haploid,0.2,FALSE,1
0,homeostatic,haploid,0.2,FALSE,1
0.1,switch,diploid,0.2,FALSE,1
0.1,homeostatic,diploid,0.2,FALSE,1
0.01,switch,diploid,0.2,FALSE,1
0.01,homeostatic,diploid,0.2,FALSE,1
0.001,switch,diploid,0.2,FALSE,1
0.001,homeostatic,diploid,0.2,FALSE,1
1e-04,switch,diploid,0.2,FALSE,1
1e-04,homeostatic,diploid,0.2,FALSE,1
0,switch,diploid,0.2,FALSE,1
0,homeostatic,diploid,0.2,FALSE,1
0.1,switch,haploid,0.3,FALSE,1
0.1,homeostatic,haploid,0.3,FALSE,1
0.01,switch,haploid,0.3,FALSE,1
0.01,homeostatic,haploid,0.3,FALSE,1
0.001,switch,haploid,0.3,FALSE,1
0.001,homeostatic,haploid,0.3,FALSE,1
1e-04,switch,haploid,0.3,FALSE,1
1e-04,homeostatic,haploid,0.3,FALSE,1
0,switch,haploid,0.3,FALSE,1
0,homeostatic,haploid,0.3,FALSE,1
0.1,switch,diploid,0.3,FALSE,1
0.1,homeostatic,diploid,0.3,FALSE,1
0.01,switch,diploid,0.3,FALSE,1
0.01,homeostatic,diploid,0.3,FALSE,1
0.001,switch,diploid,0.3,FALSE,1
0.001,homeostatic,diploid,0.3,FALSE,1
1e-04,switch,diploid,0.3,FALSE,1
1e-04,homeostatic,diploid,0.3,FALSE,1
0,switch,diploid,0.3,FALSE,1
0,homeostatic,diploid,0.3,FALSE,1
0.1,switch,haploid,0.4,FALSE,1
0.1,homeostatic,haploid,0.4,FALSE,1
0.01,switch,haploid,0.4,FALSE,1
0.01,homeostatic,haploid,0.4,FALSE,1
0.001,switch,haploid,0.4,FALSE,1
0.001,homeostatic,haploid,0.4,FALSE,1
1e-04,switch,haploid,0.4,FALSE,1
1e-04,homeostatic,haploid,0.4,FALSE,1
0,switch,haploid,0.4,FALSE,1
0,homeostatic,haploid,0.4,FALSE,1
0.1,switch,diploid,0.4,FALSE,1
0.1,homeostatic,diploid,0.4,FALSE,1
0.01,switch,diploid,0.4,FALSE,1
0.01,homeostatic,diploid,0.4,FALSE,1
0.001,switch,diploid,0.4,FALSE,1
0.001,homeostatic,diploid,0.4,FALSE,1
1e-04,switch,diploid,0.4,FALSE,1
1e-04,homeostatic,diploid,0.4,FALSE,1
0,switch,diploid,0.4,FALSE,1
0,homeostatic,diploid,0.4,FALSE,1
0.1,switch,haploid,0.5,FALSE,1
0.1,homeostatic,haploid,0.5,FALSE,1
0.01,switch,haploid,0.5,FALSE,1
0.01,homeostatic,haploid,0.5,FALSE,1
0.001,switch,haploid,0.5,FALSE,1
0.001,homeostatic,haploid,0.5,FALSE,1
1e-04,switch,haploid,0.5,FALSE,1
1e-04,homeostatic,haploid,0.5,FALSE,1
0,switch,haploid,0.5,FALSE,1
0,homeostatic,haploid,0.5,FALSE,1
0.1,switch,diploid,0.5,FALSE,1
0.1,homeostatic,diploid,0.5,FALSE,1
0.01,switch,diploid,0.5,FALSE,1
0.01,homeostatic,diploid,0.5,FALSE,1
0.001,switch,diploid,0.5,FALSE,1
0.001,homeostatic,diploid,0.5,FALSE,1
1e-04,switch,diploid,0.5,FALSE,1
1e-04,homeostatic,diploid,0.5,FALSE,1
0,switch,diploid,0.5,FALSE,1
0,homeostatic,diploid,0.5,FALSE,1
0.1,switch,haploid,0.6,FALSE,1
0.1,homeostatic,haploid,0.6,FALSE,1
0.01,switch,haploid,0.6,FALSE,1
0.01,homeostatic,haploid,0.6,FALSE,1
0.001,switch,haploid,0.6,FALSE,1
0.001,homeostatic,haploid,0.6,FALSE,1
1e-04,switch,haploid,0.6,FALSE,1
1e-04,homeostatic,haploid,0.6,FALSE,1
0,switch,haploid,0.6,FALSE,1
0,homeostatic,haploid,0.6,FALSE,1
0.1,switch,diploid,0.6,FALSE,1
0.1,homeostatic,diploid,0.6,FALSE,1
0.01,switch,diploid,0.6,FALSE,1
0.01,homeostatic,diploid,0.6,FALSE,1
0.001,switch,diploid,0.6,FALSE,1
0.001,homeostatic,diploid,0.6,FALSE,1
1e-04,switch,diploid,0.6,FALSE,1
1e-04,homeostatic,diploid,0.6,FALSE,1
0,switch,diploid,0.6,FALSE,1
0,homeostatic,diploid,0.6,FALSE,1
0.1,switch,haploid,0.7,FALSE,1
0.1,homeostatic,haploid,0.7,FALSE,1
0.01,switch,haploid,0.7,FALSE,1
0.01,homeostatic,haploid,0.7,FALSE,1
0.001,switch,haploid,0.7,FALSE,1
0.001,homeostatic,haploid,0.7,FALSE,1
1e-04,switch,haploid,0.7,FALSE,1
1e-04,homeostatic,haploid,0.7,FALSE,1
0,switch,haploid,0.7,FALSE,1
0,homeostatic,haploid,0.7,FALSE,1
0.1,switch,diploid,0.7,FALSE,1
0.1,homeostatic,diploid,0.7,FALSE,1
0.01,switch,diploid,0.7,FALSE,1
0.01,homeostatic,diploid,0.7,FALSE,1
0.001,switch,diploid,0.7,FALSE,1
0.001,homeostatic,diploid,0.7,FALSE,1
1e-04,switch,diploid,0.7,FALSE,1
1e-04,homeostatic,diploid,0.7,FALSE,1
0,switch,diploid,0.7,FALSE,1
0,homeostatic,diploid,0.7,FALSE,1
0.1,switch,haploid,0.8,FALSE,1
0.1,homeostatic,haploid,0.8,FALSE,1
0.01,switch,haploid,0.8,FALSE,1
0.01,homeostatic,haploid,0.8,FALSE,1
0.001,switch,haploid,0.8,FALSE,1
0.001,homeostatic,haploid,0.8,FALSE,1
1e-04,switch,haploid,0.8,FALSE,1
1e-04,homeostatic,haploid,0.8,FALSE,1
0,switch,haploid,0.8,FALSE,1
0,homeostatic,haploid,0.8,FALSE,1
0.1,switch,diploid,0.8,FALSE,1
0.1,homeostatic,diploid,0.8,FALSE,1
0.01,switch,diploid,0.8,FALSE,1
0.01,homeostatic,diploid,0.8,FALSE,1
0.001,switch,diploid,0.8,FALSE,1
0.001,homeostatic,diploid,0.8,FALSE,1
1e-04,switch,diploid,0.8,FALSE,1
1e-04,homeostatic,diploid,0.8,FALSE,1
0,switch,diploid,0.8,FALSE,1
0,homeostatic,diploid,0.8,FALSE,1
0.1,switch,haploid,0.9,FALSE,1
0.1,homeostatic,haploid,0.9,FALSE,1
0.01,switch,haploid,0.9,FALSE,1
0.01,homeostatic,haploid,0.9,FALSE,1
0.001,switch,haploid,0.9,FALSE,1
0.001,homeostatic,haploid,0.9,FALSE,1
1e-04,switch,haploid,0.9,FALSE,1
1e-04,homeostatic,haploid,0.9,FALSE,1
0,switch,haploid,0.9,FALSE,1
0,homeostatic,haploid,0.9,FALSE,1
0.1,switch,diploid,0.9,FALSE,1
0.1,homeostatic,diploid,0.9,FALSE,1
0.01,switch,diploid,0.9,FALSE,1
0.01,homeostatic,diploid,0.9,FALSE,1
0.001,switch,diploid,0.9,FALSE,1
0.001,homeostatic,diploid,0.9,FALSE,1
1e-04,switch,diploid,0.9,FALSE,1
1e-04,homeostatic,diploid,0.9,FALSE,1
0,switch,diploid,0.9,FALSE,1
0,homeostatic,diploid,0.9,FALSE,1
0.1,switch,haploid,1,FALSE,1
0.1,homeostatic,haploid,1,FALSE,1
0.01,switch,haploid,1,FALSE,1
0.01,homeostatic,haploid,1,FALSE,1
0.001,switch,haploid,1,FALSE,1
0.001,homeostatic,haploid,1,FALSE,1
1e-04,switch,haploid,1,FALSE,1
1e-04,homeostatic,haploid,1,FALSE,1
0,switch,haploid,1,FALSE,1
0,homeostatic,haploid,1,FALSE,1
0.1,switch,diploid,1,FALSE,1
0.1,homeostatic,diploid,1,FALSE,1
0.01,switch,diploid,1,FALSE,1
0.01,homeostatic,diploid,1,FALSE,1
0.001,switch,diploid,1,FALSE,1
0.001,homeostatic,diploid,1,FALSE,1
1e-04,switch,diploid,1,FALSE,1
1e-04,homeostatic,diploid,1,FALSE,1
0,switch,diploid,1,FALSE,1
0,homeostatic,diploid,1,FALSE,1
0.1,switch,haploid,0,TRUE,2
0.1,homeostatic,haploid,0,TRUE,2
0.01,switch,haploid,0,TRUE,2
0.01,homeostatic,haploid,0,TRUE,2
0.001,switch,haploid,0,TRUE,2
0.001,homeostatic,haploid,0,TRUE,2
1e-04,switch,haploid,0,TRUE,2
1e-04,homeostatic,haploid,0,TRUE,2
0,switch,haploid,0,TRUE,2
0,homeostatic,haploid,0,TRUE,2
0.1,switch,diploid,0,TRUE,2
0.1,homeostatic,diploid,0,TRUE,2
0.01,switch,diploid,0,TRUE,2
0.01,homeostatic,diploid,0,TRUE,2
0.001,switch,diploid,0,TRUE,2
0.001,homeostatic,diploid,0,TRUE,2
1e-04,switch,diploid,0,TRUE,2
1e-04,homeostatic,diploid,0,TRUE,2
0,switch,diploid,0,TRUE,2
0,homeostatic,diploid,0,TRUE,2
0.1,switch,haploid,0.1,TRUE,2
0.1,homeostatic,haploid,0.1,TRUE,2
0.01,switch,haploid,0.1,TRUE,2
0.01,homeostatic,haploid,0.1,TRUE,2
0.001,switch,haploid,0.1,TRUE,2
0.001,homeostatic,haploid,0.1,TRUE,2
1e-04,switch,haploid,0.1,TRUE,2
1e-04,homeostatic,haploid,0.1,TRUE,2
0,switch,haploid,0.1,TRUE,2
0,homeostatic,haploid,0.1,TRUE,2
0.1,switch,diploid,0.1,TRUE,2
0.1,homeostatic,diploid,0.1,TRUE,2
0.01,switch,diploid,0.1,TRUE,2
0.01,homeostatic,diploid,0.1,TRUE,2
0.001,switch,diploid,0.1,TRUE,2
0.001,homeostatic,diploid,0.1,TRUE,2
1e-04,switch,diploid,0.1,TRUE,2
1e-04,homeostatic,diploid,0.1,TRUE,2
0,switch,diploid,0.1,TRUE,2
0,homeostatic,diploid,0.1,TRUE,2
0.1,switch,haploid,0.2,TRUE,2
0.1,homeostatic,haploid,0.2,TRUE,2
0.01,switch,haploid,0.2,TRUE,2
0.01,homeostatic,haploid,0.2,TRUE,2
0.001,switch,haploid,0.2,TRUE,2
0.001,homeostatic,haploid,0.2,TRUE,2
1e-04,switch,haploid,0.2,TRUE,2
1e-04,homeostatic,haploid,0.2,TRUE,2
0,switch,haploid,0.2,TRUE,2
0,homeostatic,haploid,0.2,TRUE,2
0.1,switch,diploid,0.2,TRUE,2
0.1,homeostatic,diploid,0.2,TRUE,2
0.01,switch,diploid,0.2,TRUE,2
0.01,homeostatic,diploid,0.2,TRUE,2
0.001,switch,diploid,0.2,TRUE,2
0.001,homeostatic,diploid,0.2,TRUE,2
1e-04,switch,diploid,0.2,TRUE,2
1e-04,homeostatic,diploid,0.2,TRUE,2
0,switch,diploid,0.2,TRUE,2
0,homeostatic,diploid,0.2,TRUE,2
0.1,switch,haploid,0.3,TRUE,2
0.1,homeostatic,haploid,0.3,TRUE,2
0.01,switch,haploid,0.3,TRUE,2
0.01,homeostatic,haploid,0.3,TRUE,2
0.001,switch,haploid,0.3,TRUE,2
0.001,homeostatic,haploid,0.3,TRUE,2
1e-04,switch,haploid,0.3,TRUE,2
1e-04,homeostatic,haploid,0.3,TRUE,2
0,switch,haploid,0.3,TRUE,2
0,homeostatic,haploid,0.3,TRUE,2
0.1,switch,diploid,0.3,TRUE,2
0.1,homeostatic,diploid,0.3,TRUE,2
0.01,switch,diploid,0.3,TRUE,2
0.01,homeostatic,diploid,0.3,TRUE,2
0.001,switch,diploid,0.3,TRUE,2
0.001,homeostatic,diploid,0.3,TRUE,2
1e-04,switch,diploid,0.3,TRUE,2
1e-04,homeostatic,diploid,0.3,TRUE,2
0,switch,diploid,0.3,TRUE,2
0,homeostatic,diploid,0.3,TRUE,2
0.1,switch,haploid,0.4,TRUE,2
0.1,homeostatic,haploid,0.4,TRUE,2
0.01,switch,haploid,0.4,TRUE,2
0.01,homeostatic,haploid,0.4,TRUE,2
0.001,switch,haploid,0.4,TRUE,2
0.001,homeostatic,haploid,0.4,TRUE,2
1e-04,switch,haploid,0.4,TRUE,2
1e-04,homeostatic,haploid,0.4,TRUE,2
0,switch,haploid,0.4,TRUE,2
0,homeostatic,haploid,0.4,TRUE,2
0.1,switch,diploid,0.4,TRUE,2
0.1,homeostatic,diploid,0.4,TRUE,2
0.01,switch,diploid,0.4,TRUE,2
0.01,homeostatic,diploid,0.4,TRUE,2
0.001,switch,diploid,0.4,TRUE,2
0.001,homeostatic,diploid,0.4,TRUE,2
1e-04,switch,diploid,0.4,TRUE,2
1e-04,homeostatic,diploid,0.4,TRUE,2
0,switch,diploid,0.4,TRUE,2
0,homeostatic,diploid,0.4,TRUE,2
0.1,switch,haploid,0.5,TRUE,2
0.1,homeostatic,haploid,0.5,TRUE,2
0.01,switch,haploid,0.5,TRUE,2
0.01,homeostatic,haploid,0.5,TRUE,2
0.001,switch,haploid,0.5,TRUE,2
0.001,homeostatic,haploid,0.5,TRUE,2
1e-04,switch,haploid,0.5,TRUE,2
1e-04,homeostatic,haploid,0.5,TRUE,2
0,switch,haploid,0.5,TRUE,2
0,homeostatic,haploid,0.5,TRUE,2
0.1,switch,diploid,0.5,TRUE,2
0.1,homeostatic,diploid,0.5,TRUE,2
0.01,switch,diploid,0.5,TRUE,2
0.01,homeostatic,diploid,0.5,TRUE,2
0.001,switch,diploid,0.5,TRUE,2
0.001,homeostatic,diploid,0.5,TRUE,2
1e-04,switch,diploid,0.5,TRUE,2
1e-04,homeostatic,diploid,0.5,TRUE,2
0,switch,diploid,0.5,TRUE,2
0,homeostatic,diploid,0.5,TRUE,2
0.1,switch,haploid,0.6,TRUE,2
0.1,homeostatic,haploid,0.6,TRUE,2
0.01,switch,haploid,0.6,TRUE,2
0.01,homeostatic,haploid,0.6,TRUE,2
0.001,switch,haploid,0.6,TRUE,2
0.001,homeostatic,haploid,0.6,TRUE,2
1e-04,switch,haploid,0.6,TRUE,2
1e-04,homeostatic,haploid,0.6,TRUE,2
0,switch,haploid,0.6,TRUE,2
0,homeostatic,haploid,0.6,TRUE,2
0.1,switch,diploid,0.6,TRUE,2
0.1,homeostatic,diploid,0.6,TRUE,2
0.01,switch,diploid,0.6,TRUE,2
0.01,homeostatic,diploid,0.6,TRUE,2
0.001,switch,diploid,0.6,TRUE,2
0.001,homeostatic,diploid,0.6,TRUE,2
1e-04,switch,diploid,0.6,TRUE,2
1e-04,homeostatic,diploid,0.6,TRUE,2
0,switch,diploid,0.6,TRUE,2
0,homeostatic,diploid,0.6,TRUE,2
0.1,switch,haploid,0.7,TRUE,2
0.1,homeostatic,haploid,0.7,TRUE,2
0.01,switch,haploid,0.7,TRUE,2
0.01,homeostatic,haploid,0.7,TRUE,2
0.001,switch,haploid,0.7,TRUE,2
0.001,homeostatic,haploid,0.7,TRUE,2
1e-04,switch,haploid,0.7,TRUE,2
1e-04,homeostatic,haploid,0.7,TRUE,2
0,switch,haploid,0.7,TRUE,2
0,homeostatic,haploid,0.7,TRUE,2
0.1,switch,diploid,0.7,TRUE,2
0.1,homeostatic,diploid,0.7,TRUE,2
0.01,switch,diploid,0.7,TRUE,2
0.01,homeostatic,diploid,0.7,TRUE,2
0.001,switch,diploid,0.7,TRUE,2
0.001,homeostatic,diploid,0.7,TRUE,2
1e-04,switch,diploid,0.7,TRUE,2
1e-04,homeostatic,diploid,0.7,TRUE,2
0,switch,diploid,0.7,TRUE,2
0,homeostatic,diploid,0.7,TRUE,2
0.1,switch,haploid,0.8,TRUE,2
0.1,homeostatic,haploid,0.8,TRUE,2
0.01,switch,haploid,0.8,TRUE,2
0.01,homeostatic,haploid,0.8,TRUE,2
0.001,switch,haploid,0.8,TRUE,2
0.001,homeostatic,haploid,0.8,TRUE,2
1e-04,switch,haploid,0.8,TRUE,2
1e-04,homeostatic,haploid,0.8,TRUE,2
0,switch,haploid,0.8,TRUE,2
0,homeostatic,haploid,0.8,TRUE,2
0.1,switch,diploid,0.8,TRUE,2
0.1,homeostatic,diploid,0.8,TRUE,2
0.01,switch,diploid,0.8,TRUE,2
0.01,homeostatic,diploid,0.8,TRUE,2
0.001,switch,diploid,0.8,TRUE,2
0.001,homeostatic,diploid,0.8,TRUE,2
1e-04,switch,diploid,0.8,TRUE,2
1e-04,homeostatic,diploid,0.8,TRUE,2
0,switch,diploid,0.8,TRUE,2
0,homeostatic,diploid,0.8,TRUE,2
0.1,switch,haploid,0.9,TRUE,2
0.1,homeostatic,haploid,0.9,TRUE,2
0.01,switch,haploid,0.9,TRUE,2
0.01,homeostatic,haploid,0.9,TRUE,2
0.001,switch,haploid,0.9,TRUE,2
0.001,homeostatic,haploid,0.9,TRUE,2
1e-04,switch,haploid,0.9,TRUE,2
1e-04,homeostatic,haploid,0.9,TRUE,2
0,switch,haploid,0.9,TRUE,2
0,homeostatic,haploid,0.9,TRUE,2
0.1,switch,diploid,0.9,TRUE,2
0.1,homeostatic,diploid,0.9,TRUE,2
0.01,switch,diploid,0.9,TRUE,2
0.01,homeostatic,diploid,0.9,TRUE,2
0.001,switch,diploid,0.9,TRUE,2
0.001,homeostatic,diploid,0.9,TRUE,2
1e-04,switch,diploid,0.9,TRUE,2
1e-04,homeostatic,diploid,0.9,TRUE,2
0,switch,diploid,0.9,TRUE,2
0,homeostatic,diploid,0.9,TRUE,2
0.1,switch,haploid,1,TRUE,2
0.1,homeostatic,haploid,1,TRUE,2
0.01,switch,haploid,1,TRUE,2
0.01,homeostatic,haploid,1,TRUE,2
0.001,switch,haploid,1,TRUE,2
0.001,homeostatic,haploid,1,TRUE,2
1e-04,switch,haploid,1,TRUE,2
1e-04,homeostatic,haploid,1,TRUE,2
0,switch,haploid,1,TRUE,2
0,homeostatic,haploid,1,TRUE,2
0.1,switch,diploid,1,TRUE,2
0.1,homeostatic,diploid,1,TRUE,2
0.01,switch,diploid,1,TRUE,2
0.01,homeostatic,diploid,1,TRUE,2
0.001,switch,diploid,1,TRUE,2
0.001,homeostatic,diploid,1,TRUE,2
1e-04,switch,diploid,1,TRUE,2
1e-04,homeostatic,diploid,1,TRUE,2
0,switch,diploid,1,TRUE,2
0,homeostatic,diploid,1,TRUE,2
0.1,switch,haploid,0,FALSE,2
0.1,homeostatic,haploid,0,FALSE,2
0.01,switch,haploid,0,FALSE,2
0.01,homeostatic,haploid,0,FALSE,2
0.001,switch,haploid,0,FALSE,2
0.001,homeostatic,haploid,0,FALSE,2
1e-04,switch,haploid,0,FALSE,2
1e-04,homeostatic,haploid,0,FALSE,2
0,switch,haploid,0,FALSE,2
0,homeostatic,haploid,0,FALSE,2
0.1,switch,diploid,0,FALSE,2
0.1,homeostatic,diploid,0,FALSE,2
0.01,switch,diploid,0,FALSE,2
0.01,homeostatic,diploid,0,FALSE,2
0.001,switch,diploid,0,FALSE,2
0.001,homeostatic,diploid,0,FALSE,2
1e-04,switch,diploid,0,FALSE,2
1e-04,homeostatic,diploid,0,FALSE,2
0,switch,diploid,0,FALSE,2
0,homeostatic,diploid,0,FALSE,2
0.1,switch,haploid,0.1,FALSE,2
0.1,homeostatic,haploid,0.1,FALSE,2
0.01,switch,haploid,0.1,FALSE,2
0.01,homeostatic,haploid,0.1,FALSE,2
0.001,switch,haploid,0.1,FALSE,2
0.001,homeostatic,haploid,0.1,FALSE,2
1e-04,switch,haploid,0.1,FALSE,2
1e-04,homeostatic,haploid,0.1,FALSE,2
0,switch,haploid,0.1,FALSE,2
0,homeostatic,haploid,0.1,FALSE,2
0.1,switch,diploid,0.1,FALSE,2
0.1,homeostatic,diploid,0.1,FALSE,2
0.01,switch,diploid,0.1,FALSE,2
0.01,homeostatic,diploid,0.1,FALSE,2
0.001,switch,diploid,0.1,FALSE,2
0.001,homeostatic,diploid,0.1,FALSE,2
1e-04,switch,diploid,0.1,FALSE,2
1e-04,homeostatic,diploid,0.1,FALSE,2
0,switch,diploid,0.1,FALSE,2
0,homeostatic,diploid,0.1,FALSE,2
0.1,switch,haploid,0.2,FALSE,2
0.1,homeostatic,haploid,0.2,FALSE,2
0.01,switch,haploid,0.2,FALSE,2
0.01,homeostatic,haploid,0.2,FALSE,2
0.001,switch,haploid,0.2,FALSE,2
0.001,homeostatic,haploid,0.2,FALSE,2
1e-04,switch,haploid,0.2,FALSE,2
1e-04,homeostatic,haploid,0.2,FALSE,2
0,switch,haploid,0.2,FALSE,2
0,homeostatic,haploid,0.2,FALSE,2
0.1,switch,diploid,0.2,FALSE,2
0.1,homeostatic,diploid,0.2,FALSE,2
0.01,switch,diploid,0.2,FALSE,2
0.01,homeostatic,diploid,0.2,FALSE,2
0.001,switch,diploid,0.2,FALSE,2
0.001,homeostatic,diploid,0.2,FALSE,2
1e-04,switch,diploid,0.2,FALSE,2
1e-04,homeostatic,diploid,0.2,FALSE,2
0,switch,diploid,0.2,FALSE,2
0,homeostatic,diploid,0.2,FALSE,2
0.1,switch,haploid,0.3,FALSE,2
0.1,homeostatic,haploid,0.3,FALSE,2
0.01,switch,haploid,0.3,FALSE,2
0.01,homeostatic,haploid,0.3,FALSE,2
0.001,switch,haploid,0.3,FALSE,2
0.001,homeostatic,haploid,0.3,FALSE,2
1e-04,switch,haploid,0.3,FALSE,2
1e-04,homeostatic,haploid,0.3,FALSE,2
0,switch,haploid,0.3,FALSE,2
0,homeostatic,haploid,0.3,FALSE,2
0.1,switch,diploid,0.3,FALSE,2
0.1,homeostatic,diploid,0.3,FALSE,2
0.01,switch,diploid,0.3,FALSE,2
0.01,homeostatic,diploid,0.3,FALSE,2
0.001,switch,diploid,0.3,FALSE,2
0.001,homeostatic,diploid,0.3,FALSE,2
1e-04,switch,diploid,0.3,FALSE,2
1e-04,homeostatic,diploid,0.3,FALSE,2
0,switch,diploid,0.3,FALSE,2
0,homeostatic,diploid,0.3,FALSE,2
0.1,switch,haploid,0.4,FALSE,2
0.1,homeostatic,haploid,0.4,FALSE,2
0.01,switch,haploid,0.4,FALSE,2
0.01,homeostatic,haploid,0.4,FALSE,2
0.001,switch,haploid,0.4,FALSE,2
0.001,homeostatic,haploid,0.4,FALSE,2
1e-04,switch,haploid,0.4,FALSE,2
1e-04,homeostatic,haploid,0.4,FALSE,2
0,switch,haploid,0.4,FALSE,2
0,homeostatic,haploid,0.4,FALSE,2
0.1,switch,diploid,0.4,FALSE,2
0.1,homeostatic,diploid,0.4,FALSE,2
0.01,switch,diploid,0.4,FALSE,2
0.01,homeostatic,diploid,0.4,FALSE,2
0.001,switch,diploid,0.4,FALSE,2
0.001,homeostatic,diploid,0.4,FALSE,2
1e-04,switch,diploid,0.4,FALSE,2
1e-04,homeostatic,diploid,0.4,FALSE,2
0,switch,diploid,0.4,FALSE,2
0,homeostatic,diploid,0.4,FALSE,2
0.1,switch,haploid,0.5,FALSE,2
0.1,homeostatic,haploid,0.5,FALSE,2
0.01,switch,haploid,0.5,FALSE,2
0.01,homeostatic,haploid,0.5,FALSE,2
0.001,switch,haploid,0.5,FALSE,2
0.001,homeostatic,haploid,0.5,FALSE,2
1e-04,switch,haploid,0.5,FALSE,2
1e-04,homeostatic,haploid,0.5,FALSE,2
0,switch,haploid,0.5,FALSE,2
0,homeostatic,haploid,0.5,FALSE,2
0.1,switch,diploid,0.5,FALSE,2
0.1,homeostatic,diploid,0.5,FALSE,2
0.01,switch,diploid,0.5,FALSE,2
0.01,homeostatic,diploid,0.5,FALSE,2
0.001,switch,diploid,0.5,FALSE,2
0.001,homeostatic,diploid,0.5,FALSE,2
1e-04,switch,diploid,0.5,FALSE,2
1e-04,homeostatic,diploid,0.5,FALSE,2
0,switch,diploid,0.5,FALSE,2
0,homeostatic,diploid,0.5,FALSE,2
0.1,switch,haploid,0.6,FALSE,2
0.1,homeostatic,haploid,0.6,FALSE,2
0.01,switch,haploid,0.6,FALSE,2
0.01,homeostatic,haploid,0.6,FALSE,2
0.001,switch,haploid,0.6,FALSE,2
0.001,homeostatic,haploid,0.6,FALSE,2
1e-04,switch,haploid,0.6,FALSE,2
1e-04,homeostatic,haploid,0.6,FALSE,2
0,switch,haploid,0.6,FALSE,2
0,homeostatic,haploid,0.6,FALSE,2
0.1,switch,diploid,0.6,FALSE,2
0.1,homeostatic,diploid,0.6,FALSE,2
0.01,switch,diploid,0.6,FALSE,2
0.01,homeostatic,diploid,0.6,FALSE,2
0.001,switch,diploid,0.6,FALSE,2
0.001,homeostatic,diploid,0.6,FALSE,2
1e-04,switch,diploid,0.6,FALSE,2
1e-04,homeostatic,diploid,0.6,FALSE,2
0,switch,diploid,0.6,FALSE,2
0,homeostatic,diploid,0.6,FALSE,2
0.1,switch,haploid,0.7,FALSE,2
0.1,homeostatic,haploid,0.7,FALSE,2
0.01,switch,haploid,0.7,FALSE,2
0.01,homeostatic,haploid,0.7,FALSE,2
0.001,switch,haploid,0.7,FALSE,2
0.001,homeostatic,haploid,0.7,FALSE,2
1e-04,switch,haploid,0.7,FALSE,2
1e-04,homeostatic,haploid,0.7,FALSE,2
0,switch,haploid,0.7,FALSE,2
0,homeostatic,haploid,0.7,FALSE,2
0.1,switch,diploid,0.7,FALSE,2
0.1,homeostatic,diploid,0.7,FALSE,2
0.01,switch,diploid,0.7,FALSE,2
0.01,homeostatic,diploid,0.7,FALSE,2
0.001,switch,diploid,0.7,FALSE,2
0.001,homeostatic,diploid,0.7,FALSE,2
1e-04,switch,diploid,0.7,FALSE,2
1e-04,homeostatic,diploid,0.7,FALSE,2
0,switch,diploid,0.7,FALSE,2
0,homeostatic,diploid,0.7,FALSE,2
0.1,switch,haploid,0.8,FALSE,2
0.1,homeostatic,haploid,0.8,FALSE,2
0.01,switch,haploid,0.8,FALSE,2
0.01,homeostatic,haploid,0.8,FALSE,2
0.001,switch,haploid,0.8,FALSE,2
0.001,homeostatic,haploid,0.8,FALSE,2
1e-04,switch,haploid,0.8,FALSE,2
1e-04,homeostatic,haploid,0.8,FALSE,2
0,switch,haploid,0.8,FALSE,2
0,homeostatic,haploid,0.8,FALSE,2
0.1,switch,diploid,0.8,FALSE,2
0.1,homeostatic,diploid,0.8,FALSE,2
0.01,switch,diploid,0.8,FALSE,2
0.01,homeostatic,diploid,0.8,FALSE,2
0.001,switch,diploid,0.8,FALSE,2
0.001,homeostatic,diploid,0.8,FALSE,2
1e-04,switch,diploid,0.8,FALSE,2
1e-04,homeostatic,diploid,0.8,FALSE,2
0,switch,diploid,0.8,FALSE,2
0,homeostatic,diploid,0.8,FALSE,2
0.1,switch,haploid,0.9,FALSE,2
0.1,homeostatic,haploid,0.9,FALSE,2
0.01,switch,haploid,0.9,FALSE,2
0.01,homeostatic,haploid,0.9,FALSE,2
0.001,switch,haploid,0.9,FALSE,2
0.001,homeostatic,haploid,0.9,FALSE,2
1e-04,switch,haploid,0.9,FALSE,2
1e-04,homeostatic,haploid,0.9,FALSE,2
0,switch,haploid,0.9,FALSE,2
0,homeostatic,haploid,0.9,FALSE,2
0.1,switch,diploid,0.9,FALSE,2
0.1,homeostatic,diploid,0.9,FALSE,2
0.01,switch,diploid,0.9,FALSE,2
0.01,homeostatic,diploid,0.9,FALSE,2
0.001,switch,diploid,0.9,FALSE,2
0.001,homeostatic,diploid,0.9,FALSE,2
1e-04,switch,diploid,0.9,FALSE,2
1e-04,homeostatic,diploid,0.9,FALSE,2
0,switch,diploid,0.9,FALSE,2
0,homeostatic,diploid,0.9,FALSE,2
0.1,switch,haploid,1,FALSE,2
0.1,homeostatic,haploid,1,FALSE,2
0.01,switch,haploid,1,FALSE,2
0.01,homeostatic,haploid,1,FALSE,2
0.001,switch,haploid,1,FALSE,2
0.001,homeostatic,haploid,1,FALSE,2
1e-04,switch,haploid,1,FALSE,2
1e-04,homeostatic,haploid,1,FALSE,2
0,switch,haploid,1,FALSE,2
0,homeostatic,haploid,1,FALSE,2
0.1,switch,diploid,1,FALSE,2
0.1,homeostatic,diploid,1,FALSE,2
0.01,switch,diploid,1,FALSE,2
0.01,homeostatic,diploid,1,FALSE,2
0.001,switch,diploid,1,FALSE,2
0.001,homeostatic,diploid,1,FALSE,2
1e-04,switch,diploid,1,FALSE,2
1e-04,homeostatic,diploid,1,FALSE,2
0,switch,diploid,1,FALSE,2
0,homeostatic,diploid,1,FALSE,2
0.1,switch,haploid,0,TRUE,3
0.1,homeostatic,haploid,0,TRUE,3
0.01,switch,haploid,0,TRUE,3
0.01,homeostatic,haploid,0,TRUE,3
0.001,switch,haploid,0,TRUE,3
0.001,homeostatic,haploid,0,TRUE,3
1e-04,switch,haploid,0,TRUE,3
1e-04,homeostatic,haploid,0,TRUE,3
0,switch,haploid,0,TRUE,3
0,homeostatic,haploid,0,TRUE,3
0.1,switch,diploid,0,TRUE,3
0.1,homeostatic,diploid,0,TRUE,3
0.01,switch,diploid,0,TRUE,3
0.01,homeostatic,diploid,0,TRUE,3
0.001,switch,diploid,0,TRUE,3
0.001,homeostatic,diploid,0,TRUE,3
1e-04,switch,diploid,0,TRUE,3
1e-04,homeostatic,diploid,0,TRUE,3
0,switch,diploid,0,TRUE,3
0,homeostatic,diploid,0,TRUE,3
0.1,switch,haploid,0.1,TRUE,3
0.1,homeostatic,haploid,0.1,TRUE,3
0.01,switch,haploid,0.1,TRUE,3
0.01,homeostatic,haploid,0.1,TRUE,3
0.001,switch,haploid,0.1,TRUE,3
0.001,homeostatic,haploid,0.1,TRUE,3
1e-04,switch,haploid,0.1,TRUE,3
1e-04,homeostatic,haploid,0.1,TRUE,3
0,switch,haploid,0.1,TRUE,3
0,homeostatic,haploid,0.1,TRUE,3
0.1,switch,diploid,0.1,TRUE,3
0.1,homeostatic,diploid,0.1,TRUE,3
0.01,switch,diploid,0.1,TRUE,3
0.01,homeostatic,diploid,0.1,TRUE,3
0.001,switch,diploid,0.1,TRUE,3
0.001,homeostatic,diploid,0.1,TRUE,3
1e-04,switch,diploid,0.1,TRUE,3
1e-04,homeostatic,diploid,0.1,TRUE,3
0,switch,diploid,0.1,TRUE,3
0,homeostatic,diploid,0.1,TRUE,3
0.1,switch,haploid,0.2,TRUE,3
0.1,homeostatic,haploid,0.2,TRUE,3
0.01,switch,haploid,0.2,TRUE,3
0.01,homeostatic,haploid,0.2,TRUE,3
0.001,switch,haploid,0.2,TRUE,3
0.001,homeostatic,haploid,0.2,TRUE,3
1e-04,switch,haploid,0.2,TRUE,3
1e-04,homeostatic,haploid,0.2,TRUE,3
0,switch,haploid,0.2,TRUE,3
0,homeostatic,haploid,0.2,TRUE,3
0.1,switch,diploid,0.2,TRUE,3
0.1,homeostatic,diploid,0.2,TRUE,3
0.01,switch,diploid,0.2,TRUE,3
0.01,homeostatic,diploid,0.2,TRUE,3
0.001,switch,diploid,0.2,TRUE,3
0.001,homeostatic,diploid,0.2,TRUE,3
1e-04,switch,diploid,0.2,TRUE,3
1e-04,homeostatic,diploid,0.2,TRUE,3
0,switch,diploid,0.2,TRUE,3
0,homeostatic,diploid,0.2,TRUE,3
0.1,switch,haploid,0.3,TRUE,3
0.1,homeostatic,haploid,0.3,TRUE,3
0.01,switch,haploid,0.3,TRUE,3
0.01,homeostatic,haploid,0.3,TRUE,3
0.001,switch,haploid,0.3,TRUE,3
0.001,homeostatic,haploid,0.3,TRUE,3
1e-04,switch,haploid,0.3,TRUE,3
1e-04,homeostatic,haploid,0.3,TRUE,3
0,switch,haploid,0.3,TRUE,3
0,homeostatic,haploid,0.3,TRUE,3
0.1,switch,diploid,0.3,TRUE,3
0.1,homeostatic,diploid,0.3,TRUE,3
0.01,switch,diploid,0.3,TRUE,3
0.01,homeostatic,diploid,0.3,TRUE,3
0.001,switch,diploid,0.3,TRUE,3
0.001,homeostatic,diploid,0.3,TRUE,3
1e-04,switch,diploid,0.3,TRUE,3
1e-04,homeostatic,diploid,0.3,TRUE,3
0,switch,diploid,0.3,TRUE,3
0,homeostatic,diploid,0.3,TRUE,3
0.1,switch,haploid,0.4,TRUE,3
0.1,homeostatic,haploid,0.4,TRUE,3
0.01,switch,haploid,0.4,TRUE,3
0.01,homeostatic,haploid,0.4,TRUE,3
0.001,switch,haploid,0.4,TRUE,3
0.001,homeostatic,haploid,0.4,TRUE,3
1e-04,switch,haploid,0.4,TRUE,3
1e-04,homeostatic,haploid,0.4,TRUE,3
0,switch,haploid,0.4,TRUE,3
0,homeostatic,haploid,0.4,TRUE,3
0.1,switch,diploid,0.4,TRUE,3
0.1,homeostatic,diploid,0.4,TRUE,3
0.01,switch,diploid,0.4,TRUE,3
0.01,homeostatic,diploid,0.4,TRUE,3
0.001,switch,diploid,0.4,TRUE,3
0.001,homeostatic,diploid,0.4,TRUE,3
1e-04,switch,diploid,0.4,TRUE,3
1e-04,homeostatic,diploid,0.4,TRUE,3
0,switch,diploid,0.4,TRUE,3
0,homeostatic,diploid,0.4,TRUE,3
0.1,switch,haploid,0.5,TRUE,3
0.1,homeostatic,haploid,0.5,TRUE,3
0.01,switch,haploid,0.5,TRUE,3
0.01,homeostatic,haploid,0.5,TRUE,3
0.001,switch,haploid,0.5,TRUE,3
0.001,homeostatic,haploid,0.5,TRUE,3
1e-04,switch,haploid,0.5,TRUE,3
1e-04,homeostatic,haploid,0.5,TRUE,3
0,switch,haploid,0.5,TRUE,3
0,homeostatic,haploid,0.5,TRUE,3
0.1,switch,diploid,0.5,TRUE,3
0.1,homeostatic,diploid,0.5,TRUE,3
0.01,switch,diploid,0.5,TRUE,3
0.01,homeostatic,diploid,0.5,TRUE,3
0.001,switch,diploid,0.5,TRUE,3
0.001,homeostatic,diploid,0.5,TRUE,3
1e-04,switch,diploid,0.5,TRUE,3
1e-04,homeostatic,diploid,0.5,TRUE,3
0,switch,diploid,0.5,TRUE,3
0,homeostatic,diploid,0.5,TRUE,3
0.1,switch,haploid,0.6,TRUE,3
0.1,homeostatic,haploid,0.6,TRUE,3
0.01,switch,haploid,0.6,TRUE,3
0.01,homeostatic,haploid,0.6,TRUE,3
0.001,switch,haploid,0.6,TRUE,3
0.001,homeostatic,haploid,0.6,TRUE,3
1e-04,switch,haploid,0.6,TRUE,3
1e-04,homeostatic,haploid,0.6,TRUE,3
0,switch,haploid,0.6,TRUE,3
0,homeostatic,haploid,0.6,TRUE,3
0.1,switch,diploid,0.6,TRUE,3
0.1,homeostatic,diploid,0.6,TRUE,3
0.01,switch,diploid,0.6,TRUE,3
0.01,homeostatic,diploid,0.6,TRUE,3
0.001,switch,diploid,0.6,TRUE,3
0.001,homeostatic,diploid,0.6,TRUE,3
1e-04,switch,diploid,0.6,TRUE,3
1e-04,homeostatic,diploid,0.6,TRUE,3
0,switch,diploid,0.6,TRUE,3
0,homeostatic,diploid,0.6,TRUE,3
0.1,switch,haploid,0.7,TRUE,3
0.1,homeostatic,haploid,0.7,TRUE,3
0.01,switch,haploid,0.7,TRUE,3
0.01,homeostatic,haploid,0.7,TRUE,3
0.001,switch,haploid,0.7,TRUE,3
0.001,homeostatic,haploid,0.7,TRUE,3
1e-04,switch,haploid,0.7,TRUE,3
1e-04,homeostatic,haploid,0.7,TRUE,3
0,switch,haploid,0.7,TRUE,3
0,homeostatic,haploid,0.7,TRUE,3
0.1,switch,diploid,0.7,TRUE,3
0.1,homeostatic,diploid,0.7,TRUE,3
0.01,switch,diploid,0.7,TRUE,3
0.01,homeostatic,diploid,0.7,TRUE,3
0.001,switch,diploid,0.7,TRUE,3
0.001,homeostatic,diploid,0.7,TRUE,3
1e-04,switch,diploid,0.7,TRUE,3
1e-04,homeostatic,diploid,0.7,TRUE,3
0,switch,diploid,0.7,TRUE,3
0,homeostatic,diploid,0.7,TRUE,3
0.1,switch,haploid,0.8,TRUE,3
0.1,homeostatic,haploid,0.8,TRUE,3
0.01,switch,haploid,0.8,TRUE,3
0.01,homeostatic,haploid,0.8,TRUE,3
0.001,switch,haploid,0.8,TRUE,3
0.001,homeostatic,haploid,0.8,TRUE,3
1e-04,switch,haploid,0.8,TRUE,3
1e-04,homeostatic,haploid,0.8,TRUE,3
0,switch,haploid,0.8,TRUE,3
0,homeostatic,haploid,0.8,TRUE,3
0.1,switch,diploid,0.8,TRUE,3
0.1,homeostatic,diploid,0.8,TRUE,3
0.01,switch,diploid,0.8,TRUE,3
0.01,homeostatic,diploid,0.8,TRUE,3
0.001,switch,diploid,0.8,TRUE,3
0.001,homeostatic,diploid,0.8,TRUE,3
1e-04,switch,diploid,0.8,TRUE,3
1e-04,homeostatic,diploid,0.8,TRUE,3
0,switch,diploid,0.8,TRUE,3
0,homeostatic,diploid,0.8,TRUE,3
0.1,switch,haploid,0.9,TRUE,3
0.1,homeostatic,haploid,0.9,TRUE,3
0.01,switch,haploid,0.9,TRUE,3
0.01,homeostatic,haploid,0.9,TRUE,3
0.001,switch,haploid,0.9,TRUE,3
0.001,homeostatic,haploid,0.9,TRUE,3
1e-04,switch,haploid,0.9,TRUE,3
1e-04,homeostatic,haploid,0.9,TRUE,3
0,switch,haploid,0.9,TRUE,3
0,homeostatic,haploid,0.9,TRUE,3
0.1,switch,diploid,0.9,TRUE,3
0.1,homeostatic,diploid,0.9,TRUE,3
0.01,switch,diploid,0.9,TRUE,3
0.01,homeostatic,diploid,0.9,TRUE,3
0.001,switch,diploid,0.9,TRUE,3
0.001,homeostatic,diploid,0.9,TRUE,3
1e-04,switch,diploid,0.9,TRUE,3
1e-04,homeostatic,diploid,0.9,TRUE,3
0,switch,diploid,0.9,TRUE,3
0,homeostatic,diploid,0.9,TRUE,3
0.1,switch,haploid,1,TRUE,3
0.1,homeostatic,haploid,1,TRUE,3
0.01,switch,haploid,1,TRUE,3
0.01,homeostatic,haploid,1,TRUE,3
0.001,switch,haploid,1,TRUE,3
0.001,homeostatic,haploid,1,TRUE,3
1e-04,switch,haploid,1,TRUE,3
1e-04,homeostatic,haploid,1,TRUE,3
0,switch,haploid,1,TRUE,3
0,homeostatic,haploid,1,TRUE,3
0.1,switch,diploid,1,TRUE,3
0.1,homeostatic,diploid,1,TRUE,3
0.01,switch,diploid,1,TRUE,3
0.01,homeostatic,diploid,1,TRUE,3
0.001,switch,diploid,1,TRUE,3
0.001,homeostatic,diploid,1,TRUE,3
1e-04,switch,diploid,1,TRUE,3
1e-04,homeostatic,diploid,1,TRUE,3
0,switch,diploid,1,TRUE,3
0,homeostatic,diploid,1,TRUE,3
0.1,switch,haploid,0,FALSE,3
0.1,homeostatic,haploid,0,FALSE,3
0.01,switch,haploid,0,FALSE,3
0.01,homeostatic,haploid,0,FALSE,3
0.001,switch,haploid,0,FALSE,3
0.001,homeostatic,haploid,0,FALSE,3
1e-04,switch,haploid,0,FALSE,3
1e-04,homeostatic,haploid,0,FALSE,3
0,switch,haploid,0,FALSE,3
0,homeostatic,haploid,0,FALSE,3
0.1,switch,diploid,0,FALSE,3
0.1,homeostatic,diploid,0,FALSE,3
0.01,switch,diploid,0,FALSE,3
0.01,homeostatic,diploid,0,FALSE,3
0.001,switch,diploid,0,FALSE,3
0.001,homeostatic,diploid,0,FALSE,3
1e-04,switch,diploid,0,FALSE,3
1e-04,homeostatic,diploid,0,FALSE,3
0,switch,diploid,0,FALSE,3
0,homeostatic,diploid,0,FALSE,3
0.1,switch,haploid,0.1,FALSE,3
0.1,homeostatic,haploid,0.1,FALSE,3
0.01,switch,haploid,0.1,FALSE,3
0.01,homeostatic,haploid,0.1,FALSE,3
0.001,switch,haploid,0.1,FALSE,3
0.001,homeostatic,haploid,0.1,FALSE,3
1e-04,switch,haploid,0.1,FALSE,3
1e-04,homeostatic,haploid,0.1,FALSE,3
0,switch,haploid,0.1,FALSE,3
0,homeostatic,haploid,0.1,FALSE,3
0.1,switch,diploid,0.1,FALSE,3
0.1,homeostatic,diploid,0.1,FALSE,3
0.01,switch,diploid,0.1,FALSE,3
0.01,homeostatic,diploid,0.1,FALSE,3
0.001,switch,diploid,0.1,FALSE,3
0.001,homeostatic,diploid,0.1,FALSE,3
1e-04,switch,diploid,0.1,FALSE,3
1e-04,homeostatic,diploid,0.1,FALSE,3
0,switch,diploid,0.1,FALSE,3
0,homeostatic,diploid,0.1,FALSE,3
0.1,switch,haploid,0.2,FALSE,3
0.1,homeostatic,haploid,0.2,FALSE,3
0.01,switch,haploid,0.2,FALSE,3
0.01,homeostatic,haploid,0.2,FALSE,3
0.001,switch,haploid,0.2,FALSE,3
0.001,homeostatic,haploid,0.2,FALSE,3
1e-04,switch,haploid,0.2,FALSE,3
1e-04,homeostatic,haploid,0.2,FALSE,3
0,switch,haploid,0.2,FALSE,3
0,homeostatic,haploid,0.2,FALSE,3
0.1,switch,diploid,0.2,FALSE,3
0.1,homeostatic,diploid,0.2,FALSE,3
0.01,switch,diploid,0.2,FALSE,3
0.01,homeostatic,diploid,0.2,FALSE,3
0.001,switch,diploid,0.2,FALSE,3
0.001,homeostatic,diploid,0.2,FALSE,3
1e-04,switch,diploid,0.2,FALSE,3
1e-04,homeostatic,diploid,0.2,FALSE,3
0,switch,diploid,0.2,FALSE,3
0,homeostatic,diploid,0.2,FALSE,3
0.1,switch,haploid,0.3,FALSE,3
0.1,homeostatic,haploid,0.3,FALSE,3
0.01,switch,haploid,0.3,FALSE,3
0.01,homeostatic,haploid,0.3,FALSE,3
0.001,switch,haploid,0.3,FALSE,3
0.001,homeostatic,haploid,0.3,FALSE,3
1e-04,switch,haploid,0.3,FALSE,3
1e-04,homeostatic,haploid,0.3,FALSE,3
0,switch,haploid,0.3,FALSE,3
0,homeostatic,haploid,0.3,FALSE,3
0.1,switch,diploid,0.3,FALSE,3
0.1,homeostatic,diploid,0.3,FALSE,3
0.01,switch,diploid,0.3,FALSE,3
0.01,homeostatic,diploid,0.3,FALSE,3
0.001,switch,diploid,0.3,FALSE,3
0.001,homeostatic,diploid,0.3,FALSE,3
1e-04,switch,diploid,0.3,FALSE,3
1e-04,homeostatic,diploid,0.3,FALSE,3
0,switch,diploid,0.3,FALSE,3
0,homeostatic,diploid,0.3,FALSE,3
0.1,switch,haploid,0.4,FALSE,3
0.1,homeostatic,haploid,0.4,FALSE,3
0.01,switch,haploid,0.4,FALSE,3
0.01,homeostatic,haploid,0.4,FALSE,3
0.001,switch,haploid,0.4,FALSE,3
0.001,homeostatic,haploid,0.4,FALSE,3
1e-04,switch,haploid,0.4,FALSE,3
1e-04,homeostatic,haploid,0.4,FALSE,3
0,switch,haploid,0.4,FALSE,3
0,homeostatic,haploid,0.4,FALSE,3
0.1,switch,diploid,0.4,FALSE,3
0.1,homeostatic,diploid,0.4,FALSE,3
0.01,switch,diploid,0.4,FALSE,3
0.01,homeostatic,diploid,0.4,FALSE,3
0.001,switch,diploid,0.4,FALSE,3
0.001,homeostatic,diploid,0.4,FALSE,3
1e-04,switch,diploid,0.4,FALSE,3
1e-04,homeostatic,diploid,0.4,FALSE,3
0,switch,diploid,0.4,FALSE,3
0,homeostatic,diploid,0.4,FALSE,3
0.1,switch,haploid,0.5,FALSE,3
0.1,homeostatic,haploid,0.5,FALSE,3
0.01,switch,haploid,0.5,FALSE,3
0.01,homeostatic,haploid,0.5,FALSE,3
0.001,switch,haploid,0.5,FALSE,3
0.001,homeostatic,haploid,0.5,FALSE,3
1e-04,switch,haploid,0.5,FALSE,3
1e-04,homeostatic,haploid,0.5,FALSE,3
0,switch,haploid,0.5,FALSE,3
0,homeostatic,haploid,0.5,FALSE,3
0.1,switch,diploid,0.5,FALSE,3
0.1,homeostatic,diploid,0.5,FALSE,3
0.01,switch,diploid,0.5,FALSE,3
0.01,homeostatic,diploid,0.5,FALSE,3
0.001,switch,diploid,0.5,FALSE,3
0.001,homeostatic,diploid,0.5,FALSE,3
1e-04,switch,diploid,0.5,FALSE,3
1e-04,homeostatic,diploid,0.5,FALSE,3
0,switch,diploid,0.5,FALSE,3
0,homeostatic,diploid,0.5,FALSE,3
0.1,switch,haploid,0.6,FALSE,3
0.1,homeostatic,haploid,0.6,FALSE,3
0.01,switch,haploid,0.6,FALSE,3
0.01,homeostatic,haploid,0.6,FALSE,3
0.001,switch,haploid,0.6,FALSE,3
0.001,homeostatic,haploid,0.6,FALSE,3
1e-04,switch,haploid,0.6,FALSE,3
1e-04,homeostatic,haploid,0.6,FALSE,3
0,switch,haploid,0.6,FALSE,3
0,homeostatic,haploid,0.6,FALSE,3
0.1,switch,diploid,0.6,FALSE,3
0.1,homeostatic,diploid,0.6,FALSE,3
0.01,switch,diploid,0.6,FALSE,3
0.01,homeostatic,diploid,0.6,FALSE,3
0.001,switch,diploid,0.6,FALSE,3
0.001,homeostatic,diploid,0.6,FALSE,3
1e-04,switch,diploid,0.6,FALSE,3
1e-04,homeostatic,diploid,0.6,FALSE,3
0,switch,diploid,0.6,FALSE,3
0,homeostatic,diploid,0.6,FALSE,3
0.1,switch,haploid,0.7,FALSE,3
0.1,homeostatic,haploid,0.7,FALSE,3
0.01,switch,haploid,0.7,FALSE,3
0.01,homeostatic,haploid,0.7,FALSE,3
0.001,switch,haploid,0.7,FALSE,3
0.001,homeostatic,haploid,0.7,FALSE,3
1e-04,switch,haploid,0.7,FALSE,3
1e-04,homeostatic,haploid,0.7,FALSE,3
0,switch,haploid,0.7,FALSE,3
0,homeostatic,haploid,0.7,FALSE,3
0.1,switch,diploid,0.7,FALSE,3
0.1,homeostatic,diploid,0.7,FALSE,3
0.01,switch,diploid,0.7,FALSE,3
0.01,homeostatic,diploid,0.7,FALSE,3
0.001,switch,diploid,0.7,FALSE,3
0.001,homeostatic,diploid,0.7,FALSE,3
1e-04,switch,diploid,0.7,FALSE,3
1e-04,homeostatic,diploid,0.7,FALSE,3
0,switch,diploid,0.7,FALSE,3
0,homeostatic,diploid,0.7,FALSE,3
0.1,switch,haploid,0.8,FALSE,3
0.1,homeostatic,haploid,0.8,FALSE,3
0.01,switch,haploid,0.8,FALSE,3
0.01,homeostatic,haploid,0.8,FALSE,3
0.001,switch,haploid,0.8,FALSE,3
0.001,homeostatic,haploid,0.8,FALSE,3
1e-04,switch,haploid,0.8,FALSE,3
1e-04,homeostatic,haploid,0.8,FALSE,3
0,switch,haploid,0.8,FALSE,3
0,homeostatic,haploid,0.8,FALSE,3
0.1,switch,diploid,0.8,FALSE,3
0.1,homeostatic,diploid,0.8,FALSE,3
0.01,switch,diploid,0.8,FALSE,3
0.01,homeostatic,diploid,0.8,FALSE,3
0.001,switch,diploid,0.8,FALSE,3
0.001,homeostatic,diploid,0.8,FALSE,3
1e-04,switch,diploid,0.8,FALSE,3
1e-04,homeostatic,diploid,0.8,FALSE,3
0,switch,diploid,0.8,FALSE,3
0,homeostatic,diploid,0.8,FALSE,3
0.1,switch,haploid,0.9,FALSE,3
0.1,homeostatic,haploid,0.9,FALSE,3
0.01,switch,haploid,0.9,FALSE,3
0.01,homeostatic,haploid,0.9,FALSE,3
0.001,switch,haploid,0.9,FALSE,3
0.001,homeostatic,haploid,0.9,FALSE,3
1e-04,switch,haploid,0.9,FALSE,3
1e-04,homeostatic,haploid,0.9,FALSE,3
0,switch,haploid,0.9,FALSE,3
0,homeostatic,haploid,0.9,FALSE,3
0.1,switch,diploid,0.9,FALSE,3
0.1,homeostatic,diploid,0.9,FALSE,3
0.01,switch,diploid,0.9,FALSE,3
0.01,homeostatic,diploid,0.9,FALSE,3
0.001,switch,diploid,0.9,FALSE,3
0.001,homeostatic,diploid,0.9,FALSE,3
1e-04,switch,diploid,0.9,FALSE,3
1e-04,homeostatic,diploid,0.9,FALSE,3
0,switch,diploid,0.9,FALSE,3
0,homeostatic,diploid,0.9,FALSE,3
0.1,switch,haploid,1,FALSE,3
0.1,homeostatic,haploid,1,FALSE,3
0.01,switch,haploid,1,FALSE,3
0.01,homeostatic,haploid,1,FALSE,3
0.001,switch,haploid,1,FALSE,3
0.001,homeostatic,haploid,1,FALSE,3
1e-04,switch,haploid,1,FALSE,3
1e-04,homeostatic,haploid,1,FALSE,3
0,switch,haploid,1,FALSE,3
0,homeostatic,haploid,1,FALSE,3
0.1,switch,diploid,1,FALSE,3
0.1,homeostatic,diploid,1,FALSE,3
0.01,switch,diploid,1,FALSE,3
0.01,homeostatic,diploid,1,FALSE,3
0.001,switch,diploid,1,FALSE,3
0.001,homeostatic,diploid,1,FALSE,3
1e-04,switch,diploid,1,FALSE,3
1e-04,homeostatic,diploid,1,FALSE,3
0,switch,diploid,1,FALSE,3
0,homeostatic,diploid,1,FALSE,3
0.1,switch,haploid,0,TRUE,4
0.1,homeostatic,haploid,0,TRUE,4
0.01,switch,haploid,0,TRUE,4
0.01,homeostatic,haploid,0,TRUE,4
0.001,switch,haploid,0,TRUE,4
0.001,homeostatic,haploid,0,TRUE,4
1e-04,switch,haploid,0,TRUE,4
1e-04,homeostatic,haploid,0,TRUE,4
0,switch,haploid,0,TRUE,4
0,homeostatic,haploid,0,TRUE,4
0.1,switch,diploid,0,TRUE,4
0.1,homeostatic,diploid,0,TRUE,4
0.01,switch,diploid,0,TRUE,4
0.01,homeostatic,diploid,0,TRUE,4
0.001,switch,diploid,0,TRUE,4
0.001,homeostatic,diploid,0,TRUE,4
1e-04,switch,diploid,0,TRUE,4
1e-04,homeostatic,diploid,0,TRUE,4
0,switch,diploid,0,TRUE,4
0,homeostatic,diploid,0,TRUE,4
0.1,switch,haploid,0.1,TRUE,4
0.1,homeostatic,haploid,0.1,TRUE,4
0.01,switch,haploid,0.1,TRUE,4
0.01,homeostatic,haploid,0.1,TRUE,4
0.001,switch,haploid,0.1,TRUE,4
0.001,homeostatic,haploid,0.1,TRUE,4
1e-04,switch,haploid,0.1,TRUE,4
1e-04,homeostatic,haploid,0.1,TRUE,4
0,switch,haploid,0.1,TRUE,4
0,homeostatic,haploid,0.1,TRUE,4
0.1,switch,diploid,0.1,TRUE,4
0.1,homeostatic,diploid,0.1,TRUE,4
0.01,switch,diploid,0.1,TRUE,4
0.01,homeostatic,diploid,0.1,TRUE,4
0.001,switch,diploid,0.1,TRUE,4
0.001,homeostatic,diploid,0.1,TRUE,4
1e-04,switch,diploid,0.1,TRUE,4
1e-04,homeostatic,diploid,0.1,TRUE,4
0,switch,diploid,0.1,TRUE,4
0,homeostatic,diploid,0.1,TRUE,4
0.1,switch,haploid,0.2,TRUE,4
0.1,homeostatic,haploid,0.2,TRUE,4
0.01,switch,haploid,0.2,TRUE,4
0.01,homeostatic,haploid,0.2,TRUE,4
0.001,switch,haploid,0.2,TRUE,4
0.001,homeostatic,haploid,0.2,TRUE,4
1e-04,switch,haploid,0.2,TRUE,4
1e-04,homeostatic,haploid,0.2,TRUE,4
0,switch,haploid,0.2,TRUE,4
0,homeostatic,haploid,0.2,TRUE,4
0.1,switch,diploid,0.2,TRUE,4
0.1,homeostatic,diploid,0.2,TRUE,4
0.01,switch,diploid,0.2,TRUE,4
0.01,homeostatic,diploid,0.2,TRUE,4
0.001,switch,diploid,0.2,TRUE,4
0.001,homeostatic,diploid,0.2,TRUE,4
1e-04,switch,diploid,0.2,TRUE,4
1e-04,homeostatic,diploid,0.2,TRUE,4
0,switch,diploid,0.2,TRUE,4
0,homeostatic,diploid,0.2,TRUE,4
0.1,switch,haploid,0.3,TRUE,4
0.1,homeostatic,haploid,0.3,TRUE,4
0.01,switch,haploid,0.3,TRUE,4
0.01,homeostatic,haploid,0.3,TRUE,4
0.001,switch,haploid,0.3,TRUE,4
0.001,homeostatic,haploid,0.3,TRUE,4
1e-04,switch,haploid,0.3,TRUE,4
1e-04,homeostatic,haploid,0.3,TRUE,4
0,switch,haploid,0.3,TRUE,4
0,homeostatic,haploid,0.3,TRUE,4
0.1,switch,diploid,0.3,TRUE,4
0.1,homeostatic,diploid,0.3,TRUE,4
0.01,switch,diploid,0.3,TRUE,4
0.01,homeostatic,diploid,0.3,TRUE,4
0.001,switch,diploid,0.3,TRUE,4
0.001,homeostatic,diploid,0.3,TRUE,4
1e-04,switch,diploid,0.3,TRUE,4
1e-04,homeostatic,diploid,0.3,TRUE,4
0,switch,diploid,0.3,TRUE,4
0,homeostatic,diploid,0.3,TRUE,4
0.1,switch,haploid,0.4,TRUE,4
0.1,homeostatic,haploid,0.4,TRUE,4
0.01,switch,haploid,0.4,TRUE,4
0.01,homeostatic,haploid,0.4,TRUE,4
0.001,switch,haploid,0.4,TRUE,4
0.001,homeostatic,haploid,0.4,TRUE,4
1e-04,switch,haploid,0.4,TRUE,4
1e-04,homeostatic,haploid,0.4,TRUE,4
0,switch,haploid,0.4,TRUE,4
0,homeostatic,haploid,0.4,TRUE,4
0.1,switch,diploid,0.4,TRUE,4
0.1,homeostatic,diploid,0.4,TRUE,4
0.01,switch,diploid,0.4,TRUE,4
0.01,homeostatic,diploid,0.4,TRUE,4
0.001,switch,diploid,0.4,TRUE,4
0.001,homeostatic,diploid,0.4,TRUE,4
1e-04,switch,diploid,0.4,TRUE,4
1e-04,homeostatic,diploid,0.4,TRUE,4
0,switch,diploid,0.4,TRUE,4
0,homeostatic,diploid,0.4,TRUE,4
0.1,switch,haploid,0.5,TRUE,4
0.1,homeostatic,haploid,0.5,TRUE,4
0.01,switch,haploid,0.5,TRUE,4
0.01,homeostatic,haploid,0.5,TRUE,4
0.001,switch,haploid,0.5,TRUE,4
0.001,homeostatic,haploid,0.5,TRUE,4
1e-04,switch,haploid,0.5,TRUE,4
1e-04,homeostatic,haploid,0.5,TRUE,4
0,switch,haploid,0.5,TRUE,4
0,homeostatic,haploid,0.5,TRUE,4
0.1,switch,diploid,0.5,TRUE,4
0.1,homeostatic,diploid,0.5,TRUE,4
0.01,switch,diploid,0.5,TRUE,4
0.01,homeostatic,diploid,0.5,TRUE,4
0.001,switch,diploid,0.5,TRUE,4
0.001,homeostatic,diploid,0.5,TRUE,4
1e-04,switch,diploid,0.5,TRUE,4
1e-04,homeostatic,diploid,0.5,TRUE,4
0,switch,diploid,0.5,TRUE,4
0,homeostatic,diploid,0.5,TRUE,4
0.1,switch,haploid,0.6,TRUE,4
0.1,homeostatic,haploid,0.6,TRUE,4
0.01,switch,haploid,0.6,TRUE,4
0.01,homeostatic,haploid,0.6,TRUE,4
0.001,switch,haploid,0.6,TRUE,4
0.001,homeostatic,haploid,0.6,TRUE,4
1e-04,switch,haploid,0.6,TRUE,4
1e-04,homeostatic,haploid,0.6,TRUE,4
0,switch,haploid,0.6,TRUE,4
0,homeostatic,haploid,0.6,TRUE,4
0.1,switch,diploid,0.6,TRUE,4
0.1,homeostatic,diploid,0.6,TRUE,4
0.01,switch,diploid,0.6,TRUE,4
0.01,homeostatic,diploid,0.6,TRUE,4
0.001,switch,diploid,0.6,TRUE,4
0.001,homeostatic,diploid,0.6,TRUE,4
1e-04,switch,diploid,0.6,TRUE,4
1e-04,homeostatic,diploid,0.6,TRUE,4
0,switch,diploid,0.6,TRUE,4
0,homeostatic,diploid,0.6,TRUE,4
0.1,switch,haploid,0.7,TRUE,4
0.1,homeostatic,haploid,0.7,TRUE,4
0.01,switch,haploid,0.7,TRUE,4
0.01,homeostatic,haploid,0.7,TRUE,4
0.001,switch,haploid,0.7,TRUE,4
0.001,homeostatic,haploid,0.7,TRUE,4
1e-04,switch,haploid,0.7,TRUE,4
1e-04,homeostatic,haploid,0.7,TRUE,4
0,switch,haploid,0.7,TRUE,4
0,homeostatic,haploid,0.7,TRUE,4
0.1,switch,diploid,0.7,TRUE,4
0.1,homeostatic,diploid,0.7,TRUE,4
0.01,switch,diploid,0.7,TRUE,4
0.01,homeostatic,diploid,0.7,TRUE,4
0.001,switch,diploid,0.7,TRUE,4
0.001,homeostatic,diploid,0.7,TRUE,4
1e-04,switch,diploid,0.7,TRUE,4
1e-04,homeostatic,diploid,0.7,TRUE,4
0,switch,diploid,0.7,TRUE,4
0,homeostatic,diploid,0.7,TRUE,4
0.1,switch,haploid,0.8,TRUE,4
0.1,homeostatic,haploid,0.8,TRUE,4
0.01,switch,haploid,0.8,TRUE,4
0.01,homeostatic,haploid,0.8,TRUE,4
0.001,switch,haploid,0.8,TRUE,4
0.001,homeostatic,haploid,0.8,TRUE,4
1e-04,switch,haploid,0.8,TRUE,4
1e-04,homeostatic,haploid,0.8,TRUE,4
0,switch,haploid,0.8,TRUE,4
0,homeostatic,haploid,0.8,TRUE,4
0.1,switch,diploid,0.8,TRUE,4
0.1,homeostatic,diploid,0.8,TRUE,4
0.01,switch,diploid,0.8,TRUE,4
0.01,homeostatic,diploid,0.8,TRUE,4
0.001,switch,diploid,0.8,TRUE,4
0.001,homeostatic,diploid,0.8,TRUE,4
1e-04,switch,diploid,0.8,TRUE,4
1e-04,homeostatic,diploid,0.8,TRUE,4
0,switch,diploid,0.8,TRUE,4
0,homeostatic,diploid,0.8,TRUE,4
0.1,switch,haploid,0.9,TRUE,4
0.1,homeostatic,haploid,0.9,TRUE,4
0.01,switch,haploid,0.9,TRUE,4
0.01,homeostatic,haploid,0.9,TRUE,4
0.001,switch,haploid,0.9,TRUE,4
0.001,homeostatic,haploid,0.9,TRUE,4
1e-04,switch,haploid,0.9,TRUE,4
1e-04,homeostatic,haploid,0.9,TRUE,4
0,switch,haploid,0.9,TRUE,4
0,homeostatic,haploid,0.9,TRUE,4
0.1,switch,diploid,0.9,TRUE,4
0.1,homeostatic,diploid,0.9,TRUE,4
0.01,switch,diploid,0.9,TRUE,4
0.01,homeostatic,diploid,0.9,TRUE,4
0.001,switch,diploid,0.9,TRUE,4
0.001,homeostatic,diploid,0.9,TRUE,4
1e-04,switch,diploid,0.9,TRUE,4
1e-04,homeostatic,diploid,0.9,TRUE,4
0,switch,diploid,0.9,TRUE,4
0,homeostatic,diploid,0.9,TRUE,4
0.1,switch,haploid,1,TRUE,4
0.1,homeostatic,haploid,1,TRUE,4
0.01,switch,haploid,1,TRUE,4
0.01,homeostatic,haploid,1,TRUE,4
0.001,switch,haploid,1,TRUE,4
0.001,homeostatic,haploid,1,TRUE,4
1e-04,switch,haploid,1,TRUE,4
1e-04,homeostatic,haploid,1,TRUE,4
0,switch,haploid,1,TRUE,4
0,homeostatic,haploid,1,TRUE,4
0.1,switch,diploid,1,TRUE,4
0.1,homeostatic,diploid,1,TRUE,4
0.01,switch,diploid,1,TRUE,4
0.01,homeostatic,diploid,1,TRUE,4
0.001,switch,diploid,1,TRUE,4
0.001,homeostatic,diploid,1,TRUE,4
1e-04,switch,diploid,1,TRUE,4
1e-04,homeostatic,diploid,1,TRUE,4
0,switch,diploid,1,TRUE,4
0,homeostatic,diploid,1,TRUE,4
0.1,switch,haploid,0,FALSE,4
0.1,homeostatic,haploid,0,FALSE,4
0.01,switch,haploid,0,FALSE,4
0.01,homeostatic,haploid,0,FALSE,4
0.001,switch,haploid,0,FALSE,4
0.001,homeostatic,haploid,0,FALSE,4
1e-04,switch,haploid,0,FALSE,4
1e-04,homeostatic,haploid,0,FALSE,4
0,switch,haploid,0,FALSE,4
0,homeostatic,haploid,0,FALSE,4
0.1,switch,diploid,0,FALSE,4
0.1,homeostatic,diploid,0,FALSE,4
0.01,switch,diploid,0,FALSE,4
0.01,homeostatic,diploid,0,FALSE,4
0.001,switch,diploid,0,FALSE,4
0.001,homeostatic,diploid,0,FALSE,4
1e-04,switch,diploid,0,FALSE,4
1e-04,homeostatic,diploid,0,FALSE,4
0,switch,diploid,0,FALSE,4
0,homeostatic,diploid,0,FALSE,4
0.1,switch,haploid,0.1,FALSE,4
0.1,homeostatic,haploid,0.1,FALSE,4
0.01,switch,haploid,0.1,FALSE,4
0.01,homeostatic,haploid,0.1,FALSE,4
0.001,switch,haploid,0.1,FALSE,4
0.001,homeostatic,haploid,0.1,FALSE,4
1e-04,switch,haploid,0.1,FALSE,4
1e-04,homeostatic,haploid,0.1,FALSE,4
0,switch,haploid,0.1,FALSE,4
0,homeostatic,haploid,0.1,FALSE,4
0.1,switch,diploid,0.1,FALSE,4
0.1,homeostatic,diploid,0.1,FALSE,4
0.01,switch,diploid,0.1,FALSE,4
0.01,homeostatic,diploid,0.1,FALSE,4
0.001,switch,diploid,0.1,FALSE,4
0.001,homeostatic,diploid,0.1,FALSE,4
1e-04,switch,diploid,0.1,FALSE,4
1e-04,homeostatic,diploid,0.1,FALSE,4
0,switch,diploid,0.1,FALSE,4
0,homeostatic,diploid,0.1,FALSE,4
0.1,switch,haploid,0.2,FALSE,4
0.1,homeostatic,haploid,0.2,FALSE,4
0.01,switch,haploid,0.2,FALSE,4
0.01,homeostatic,haploid,0.2,FALSE,4
0.001,switch,haploid,0.2,FALSE,4
0.001,homeostatic,haploid,0.2,FALSE,4
1e-04,switch,haploid,0.2,FALSE,4
1e-04,homeostatic,haploid,0.2,FALSE,4
0,switch,haploid,0.2,FALSE,4
0,homeostatic,haploid,0.2,FALSE,4
0.1,switch,diploid,0.2,FALSE,4
0.1,homeostatic,diploid,0.2,FALSE,4
0.01,switch,diploid,0.2,FALSE,4
0.01,homeostatic,diploid,0.2,FALSE,4
0.001,switch,diploid,0.2,FALSE,4
0.001,homeostatic,diploid,0.2,FALSE,4
1e-04,switch,diploid,0.2,FALSE,4
1e-04,homeostatic,diploid,0.2,FALSE,4
0,switch,diploid,0.2,FALSE,4
0,homeostatic,diploid,0.2,FALSE,4
0.1,switch,haploid,0.3,FALSE,4
0.1,homeostatic,haploid,0.3,FALSE,4
0.01,switch,haploid,0.3,FALSE,4
0.01,homeostatic,haploid,0.3,FALSE,4
0.001,switch,haploid,0.3,FALSE,4
0.001,homeostatic,haploid,0.3,FALSE,4
1e-04,switch,haploid,0.3,FALSE,4
1e-04,homeostatic,haploid,0.3,FALSE,4
0,switch,haploid,0.3,FALSE,4
0,homeostatic,haploid,0.3,FALSE,4
0.1,switch,diploid,0.3,FALSE,4
0.1,homeostatic,diploid,0.3,FALSE,4
0.01,switch,diploid,0.3,FALSE,4
0.01,homeostatic,diploid,0.3,FALSE,4
0.001,switch,diploid,0.3,FALSE,4
0.001,homeostatic,diploid,0.3,FALSE,4
1e-04,switch,diploid,0.3,FALSE,4
1e-04,homeostatic,diploid,0.3,FALSE,4
0,switch,diploid,0.3,FALSE,4
0,homeostatic,diploid,0.3,FALSE,4
0.1,switch,haploid,0.4,FALSE,4
0.1,homeostatic,haploid,0.4,FALSE,4
0.01,switch,haploid,0.4,FALSE,4
0.01,homeostatic,haploid,0.4,FALSE,4
0.001,switch,haploid,0.4,FALSE,4
0.001,homeostatic,haploid,0.4,FALSE,4
1e-04,switch,haploid,0.4,FALSE,4
1e-04,homeostatic,haploid,0.4,FALSE,4
0,switch,haploid,0.4,FALSE,4
0,homeostatic,haploid,0.4,FALSE,4
0.1,switch,diploid,0.4,FALSE,4
0.1,homeostatic,diploid,0.4,FALSE,4
0.01,switch,diploid,0.4,FALSE,4
0.01,homeostatic,diploid,0.4,FALSE,4
0.001,switch,diploid,0.4,FALSE,4
0.001,homeostatic,diploid,0.4,FALSE,4
1e-04,switch,diploid,0.4,FALSE,4
1e-04,homeostatic,diploid,0.4,FALSE,4
0,switch,diploid,0.4,FALSE,4
0,homeostatic,diploid,0.4,FALSE,4
0.1,switch,haploid,0.5,FALSE,4
0.1,homeostatic,haploid,0.5,FALSE,4
0.01,switch,haploid,0.5,FALSE,4
0.01,homeostatic,haploid,0.5,FALSE,4
0.001,switch,haploid,0.5,FALSE,4
0.001,homeostatic,haploid,0.5,FALSE,4
1e-04,switch,haploid,0.5,FALSE,4
1e-04,homeostatic,haploid,0.5,FALSE,4
0,switch,haploid,0.5,FALSE,4
0,homeostatic,haploid,0.5,FALSE,4
0.1,switch,diploid,0.5,FALSE,4
0.1,homeostatic,diploid,0.5,FALSE,4
0.01,switch,diploid,0.5,FALSE,4
0.01,homeostatic,diploid,0.5,FALSE,4
0.001,switch,diploid,0.5,FALSE,4
0.001,homeostatic,diploid,0.5,FALSE,4
1e-04,switch,diploid,0.5,FALSE,4
1e-04,homeostatic,diploid,0.5,FALSE,4
0,switch,diploid,0.5,FALSE,4
0,homeostatic,diploid,0.5,FALSE,4
0.1,switch,haploid,0.6,FALSE,4
0.1,homeostatic,haploid,0.6,FALSE,4
0.01,switch,haploid,0.6,FALSE,4
0.01,homeostatic,haploid,0.6,FALSE,4
0.001,switch,haploid,0.6,FALSE,4
0.001,homeostatic,haploid,0.6,FALSE,4
1e-04,switch,haploid,0.6,FALSE,4
1e-04,homeostatic,haploid,0.6,FALSE,4
0,switch,haploid,0.6,FALSE,4
0,homeostatic,haploid,0.6,FALSE,4
0.1,switch,diploid,0.6,FALSE,4
0.1,homeostatic,diploid,0.6,FALSE,4
0.01,switch,diploid,0.6,FALSE,4
0.01,homeostatic,diploid,0.6,FALSE,4
0.001,switch,diploid,0.6,FALSE,4
0.001,homeostatic,diploid,0.6,FALSE,4
1e-04,switch,diploid,0.6,FALSE,4
1e-04,homeostatic,diploid,0.6,FALSE,4
0,switch,diploid,0.6,FALSE,4
0,homeostatic,diploid,0.6,FALSE,4
0.1,switch,haploid,0.7,FALSE,4
0.1,homeostatic,haploid,0.7,FALSE,4
0.01,switch,haploid,0.7,FALSE,4
0.01,homeostatic,haploid,0.7,FALSE,4
0.001,switch,haploid,0.7,FALSE,4
0.001,homeostatic,haploid,0.7,FALSE,4
1e-04,switch,haploid,0.7,FALSE,4
1e-04,homeostatic,haploid,0.7,FALSE,4
0,switch,haploid,0.7,FALSE,4
0,homeostatic,haploid,0.7,FALSE,4
0.1,switch,diploid,0.7,FALSE,4
0.1,homeostatic,diploid,0.7,FALSE,4
0.01,switch,diploid,0.7,FALSE,4
0.01,homeostatic,diploid,0.7,FALSE,4
0.001,switch,diploid,0.7,FALSE,4
0.001,homeostatic,diploid,0.7,FALSE,4
1e-04,switch,diploid,0.7,FALSE,4
1e-04,homeostatic,diploid,0.7,FALSE,4
0,switch,diploid,0.7,FALSE,4
0,homeostatic,diploid,0.7,FALSE,4
0.1,switch,haploid,0.8,FALSE,4
0.1,homeostatic,haploid,0.8,FALSE,4
0.01,switch,haploid,0.8,FALSE,4
0.01,homeostatic,haploid,0.8,FALSE,4
0.001,switch,haploid,0.8,FALSE,4
0.001,homeostatic,haploid,0.8,FALSE,4
1e-04,switch,haploid,0.8,FALSE,4
1e-04,homeostatic,haploid,0.8,FALSE,4
0,switch,haploid,0.8,FALSE,4
0,homeostatic,haploid,0.8,FALSE,4
0.1,switch,diploid,0.8,FALSE,4
0.1,homeostatic,diploid,0.8,FALSE,4
0.01,switch,diploid,0.8,FALSE,4
0.01,homeostatic,diploid,0.8,FALSE,4
0.001,switch,diploid,0.8,FALSE,4
0.001,homeostatic,diploid,0.8,FALSE,4
1e-04,switch,diploid,0.8,FALSE,4
1e-04,homeostatic,diploid,0.8,FALSE,4
0,switch,diploid,0.8,FALSE,4
0,homeostatic,diploid,0.8,FALSE,4
0.1,switch,haploid,0.9,FALSE,4
0.1,homeostatic,haploid,0.9,FALSE,4
0.01,switch,haploid,0.9,FALSE,4
0.01,homeostatic,haploid,0.9,FALSE,4
0.001,switch,haploid,0.9,FALSE,4
0.001,homeostatic,haploid,0.9,FALSE,4
1e-04,switch,haploid,0.9,FALSE,4
1e-04,homeostatic,haploid,0.9,FALSE,4
0,switch,haploid,0.9,FALSE,4
0,homeostatic,haploid,0.9,FALSE,4
0.1,switch,diploid,0.9,FALSE,4
0.1,homeostatic,diploid,0.9,FALSE,4
0.01,switch,diploid,0.9,FALSE,4
0.01,homeostatic,diploid,0.9,FALSE,4
0.001,switch,diploid,0.9,FALSE,4
0.001,homeostatic,diploid,0.9,FALSE,4
1e-04,switch,diploid,0.9,FALSE,4
1e-04,homeostatic,diploid,0.9,FALSE,4
0,switch,diploid,0.9,FALSE,4
0,homeostatic,diploid,0.9,FALSE,4
0.1,switch,haploid,1,FALSE,4
0.1,homeostatic,haploid,1,FALSE,4
0.01,switch,haploid,1,FALSE,4
0.01,homeostatic,haploid,1,FALSE,4
0.001,switch,haploid,1,FALSE,4
0.001,homeostatic,haploid,1,FALSE,4
1e-04,switch,haploid,1,FALSE,4
1e-04,homeostatic,haploid,1,FALSE,4
0,switch,haploid,1,FALSE,4
0,homeostatic,haploid,1,FALSE,4
0.1,switch,diploid,1,FALSE,4
0.1,homeostatic,diploid,1,FALSE,4
0.01,switch,diploid,1,FALSE,4
0.01,homeostatic,diploid,1,FALSE,4
0.001,switch,diploid,1,FALSE,4
0.001,homeostatic,diploid,1,FALSE,4
1e-04,switch,diploid,1,FALSE,4
1e-04,homeostatic,diploid,1,FALSE,4
0,switch,diploid,1,FALSE,4
0,homeostatic,diploid,1,FALSE,4
